,user,created_at,tweet,positive,negative,neutral,compound
0,@BBC,2018-03-28 18:00:05+00:00,?? This 800-year-old hotel in Ireland is simply incredible.  #AmazingHotels https://t.co/OAKKCsexPW,0.0,0.0,1.0,0.0
1,@BBC,2018-03-28 17:00:12+00:00,"? 'Words do not live in dictionaries. They live in the mind.'

Hear the only surviving recording of #VirginiaWoolf,… https://t.co/Puwg8Mve7N",0.109,0.0,0.891,0.296
2,@BBC,2018-03-28 16:30:00+00:00,The government rates the global outbreak of a deadly flu virus as a major threat to the UK. But how are flu vaccine… https://t.co/wzMylfDBrP,0.0,0.312,0.688,-0.8225
3,@BBC,2018-03-28 16:00:10+00:00,Slacking off in Dubai. https://t.co/a3oSKIxfSK,0.0,0.0,1.0,0.0
4,@BBC,2018-03-28 15:35:27+00:00,RT @BBCTheOneShow: The fantastic @george_ezra warming up with a quick cuppa after sound check. Join us at 7pm where he’ll be performing liv…,0.28,0.0,0.72,0.7506
5,@BBC,2018-03-28 13:32:04+00:00,"Two-thirds of drivers say they are ""regularly dazzled"" by oncoming headlights. ? https://t.co/gwSgpsP6xx https://t.co/i9m9ph8QM1",0.0,0.0,1.0,0.0
6,@BBC,2018-03-28 12:26:01+00:00,"The Masked Plumber is back. 
And this time, he wants to show you how to unblock a sink trap. https://t.co/t1NIgRpZnO",0.0,0.113,0.887,-0.3182
7,@BBC,2018-03-28 11:50:54+00:00,RT @bbceurovision: We are starting a #Eurovision 2018 group chat. The tea from when @surieofficial met @saaraaalto ? https://t.co/c3PuiYT6S…,0.0,0.0,1.0,0.0
8,@BBC,2018-03-28 11:49:07+00:00,"RT @BBCR1: ""Last night I did have a very, very large bra, and it was very, very sweaty.""

@JaredLeto lets @Grimmers know about what gets th…",0.0,0.0,1.0,0.0
9,@BBC,2018-03-28 11:47:35+00:00,"RT @BBCRadio4: Listen to the first three episodes of The Hitchhiker's Guide to the Galaxy: Hexagonal Phase now.

https://t.co/GdvQZf3ijv

#…",0.0,0.0,1.0,0.0
10,@BBC,2018-03-28 11:47:08+00:00,"RT @bbcworldservice: Do you say fireman or firefighter? The woman in charge of the London Fire Brigade, Dany Cotton, says 'fireman' is sexi…",0.0,0.098,0.902,-0.34
11,@BBC,2018-03-28 11:45:32+00:00,RT @BBCBreakfast: Take a look at this if you're wondering WHO PAYS for running the new plastic bottle and can deposit scheme: https://t.co/…,0.0,0.0,1.0,0.0
12,@BBC,2018-03-28 11:42:34+00:00,RT @BBCNewsround: Some advice from children on what NOT to say to people with an #invisiblecondition https://t.co/mGUj3TWB2J #Dynamo https:…,0.0,0.0,1.0,0.0
13,@BBC,2018-03-28 11:30:09+00:00,??? People in England will soon have to pay a deposit when they buy drinks bottles and cans in a bid to boost recyc… https://t.co/qyKBqES5b3,0.108,0.056,0.837,0.3182
14,@BBC,2018-03-28 11:04:03+00:00,"? Scientists in Australia have discovered the remains of a mummy in a 2,500-year-old coffin that was previously cla… https://t.co/2S4q2mDImu",0.0,0.0,1.0,0.0
15,@BBC,2018-03-28 10:53:47+00:00,"RT @bbcthree: In our latest doc, we investigate allegations that R Kelly has been training a 14-year-old girl to be one his sex ""pets"" http…",0.0,0.0,1.0,0.0
16,@BBC,2018-03-28 10:33:03+00:00,Tickling sticks have been placed on statues in Liverpool ahead of Sir Ken Dodd's funeral. https://t.co/pPGGg07ZQi https://t.co/LSwzv5Qipw,0.0,0.135,0.865,-0.3612
17,@BBC,2018-03-28 09:53:41+00:00,?? Are your bathroom toys in-fact DEADLY? ? https://t.co/YrtMOzTvrb,0.0,0.0,1.0,0.0
18,@BBC,2018-03-28 09:14:19+00:00,"RT @bbcarts: Andrew Scott, as Hamlet, performs the opening lines of #Shakespeare's most famous soliloquy. Watch the full production at 9pm,…",0.0,0.0,1.0,0.0
19,@BBC,2018-03-28 08:00:02+00:00,"?? After seeing her brother's struggles with depression, Luli's on a mission to break the stigma in the black commu… https://t.co/kl1ak4Gu6w",0.0,0.256,0.744,-0.7351
20,@BBC,2018-03-28 07:30:05+00:00,"? Feeling moody? 
Your gut bacteria might be to blame...
? https://t.co/2oPWKjf4D2 https://t.co/Xr5MwczfGR",0.115,0.192,0.692,-0.25
21,@BBC,2018-03-28 07:00:02+00:00,"'I made a decision to not be unbelievably busy.'

@Meshel_Laurie on beating busyness with Buddhism. https://t.co/7ynSgadRyq",0.0,0.176,0.824,-0.4588
22,@BBC,2018-03-27 18:30:07+00:00,"When mother Marie mysteriously leaves the family home, the repercussions are enormous.

#ComeHome | 9pm | @BBCOne |… https://t.co/S4JgnzQlAx",0.0,0.0,1.0,0.0
23,@BBC,2018-03-27 18:00:08+00:00,"??? Even if you don't speak German, this is worth watching until the end! 
#LiveAtTheApollo https://t.co/J3l8oToRbk",0.128,0.0,0.872,0.2942
24,@BBC,2018-03-27 17:00:07+00:00,"? We've got oodles of noodles with recipes for pad Thai, chow mein, ramen, pho and stir-fries.
?… https://t.co/JWfrcIhn2X",0.0,0.0,1.0,0.0
25,@BBC,2018-03-27 16:00:15+00:00,? What does Facebook know about you? https://t.co/lG4ffeCG09,0.0,0.0,1.0,0.0
26,@BBC,2018-03-27 15:40:40+00:00,RT @BBCTwo: Happy #WorldTheatreDay! *leaves this here and runs away* @SaraPascoe ?? https://t.co/3XlEb5gr15,0.25,0.0,0.75,0.6114
27,@BBC,2018-03-27 15:38:26+00:00,"RT @BBCScotland: Meet the master of the radiator harp

@DaftLimmy returns to BBC Scotland on Thursday 5 April. https://t.co/G7mjFEJx6k",0.0,0.0,1.0,0.0
28,@BBC,2018-03-27 15:36:22+00:00,RT @bbcthree: 12-year-old Keilan has very severe curvature of the spine. He needs surgery ASAP but the 5 hour operation could leave him par…,0.0,0.134,0.866,-0.3064
29,@BBC,2018-03-27 15:33:24+00:00,"RT @bbccomedy: Cathy, master of shade. #Mum https://t.co/VjC2ttkaNF",0.0,0.0,1.0,0.0
30,@BBC,2018-03-27 15:26:23+00:00,"RT @BBCR1: (•_•)
&lt;)   )?who
 /    \ 

  (•_•)
 \(   (&gt; bit
  /    \

 (•_•)
&lt;)   )?Beyoncé? 
 /    \ 

https://t.co/7hQd9mcKUY",0.0,0.0,1.0,0.0
31,@BBC,2018-03-27 14:30:37+00:00,"RT @BBCWorld: It's 50 years since the death of Yuri Gagarin, the Russian cosmonaut who was the first man to travel into space ??? https://t…",0.0,0.14,0.86,-0.5994
32,@BBC,2018-03-27 13:33:01+00:00,?? The first polar bear cub to be born in the UK for 25 years has been filmed adapting to its surroundings. https://t.co/EsxbH18cN5,0.0,0.0,1.0,0.0
33,@BBC,2018-03-27 12:00:08+00:00,The ancient Greeks thought a life of ‘constant leisure’ was the highest life you could live. https://t.co/sascCq8iks,0.0,0.0,1.0,0.0
34,@BBC,2018-03-27 11:05:06+00:00,"There's over 50 classic cookery shows being served up on @BBCiPlayer this #EasterWeekend. 
? https://t.co/CKECZMGmx8 https://t.co/j3RfAYQvTI",0.0,0.0,1.0,0.0
35,@BBC,2018-03-27 11:00:06+00:00,"? @MargotRobbie is planning a new TV series, which will give Shakespeare plays a 'female perspective'.
?… https://t.co/pTLXfve0ds",0.125,0.0,0.875,0.25
36,@BBC,2018-03-27 09:52:08+00:00,"?? 'Mad' Mike Hughes flew his home-made rocket to try and 'prove' the earth is flat. 

? SPOILER: it's not.  https://t.co/f5oNRItwyq",0.0,0.0,1.0,0.0
37,@BBC,2018-03-27 09:40:22+00:00,"RT @BBCTwo: Now we've got our country back... what actually is it? ?

#CunkOnBritain starts Tuesday 3 April, 10pm, @BBCTwo. @missdianemorga…",0.0,0.0,1.0,0.0
38,@BBC,2018-03-27 09:39:23+00:00,RT @BBCBreakfast: A team of abseilers have been roped in to give Cheddar Gorge in Somerset an extreme spring clean. https://t.co/iYmkiizeRi,0.124,0.0,0.876,0.4019
39,@BBC,2018-03-27 09:38:59+00:00,"RT @BBCR1: We can't get enough of @george_ezra's Live Lounge ?

Watch him perform 'Paradise' and cover 'These Days' right here ?https://t.c…",0.0,0.0,1.0,0.0
40,@BBC,2018-03-27 09:36:48+00:00,"RT @bbcgetinspired: Check out @JesseLingard and some of his @PremierLeague mates showing us their super moves. ?? 

Show us yours with #sup…",0.157,0.0,0.843,0.5994
41,@BBC,2018-03-27 08:00:04+00:00,"When this woman visited an uninhabited Caribbean island, the last thing she expected was to find it covered in plas… https://t.co/cpKW9tl61v",0.0,0.0,1.0,0.0
42,@BBC,2018-03-27 07:30:04+00:00,"About 700,000 people in the UK are on the autism spectrum, with five times as many males as females being diagnosed… https://t.co/PXJMuG76Tn",0.0,0.0,1.0,0.0
43,@BBC,2018-03-27 07:00:08+00:00,"The number of children living in relative poverty in the UK has risen to 4.1m. 

This is the story of Tyler, one of… https://t.co/xFtEAjBTXC",0.049,0.124,0.827,-0.4588
44,@BBC,2018-03-26 19:03:02+00:00,"Filmed in Nottingham during the worst winter for the NHS on record, groundbreaking series #Hospital returns tonight… https://t.co/PVSIcvCGc9",0.0,0.194,0.806,-0.6249
45,@BBC,2018-03-26 18:24:04+00:00,"Tonight, George Alagiah explores the fascinating history of Queen Elizabeth II and her beloved Commonwealth. 

The… https://t.co/xXer4FRyTq",0.312,0.0,0.688,0.7783
46,@BBC,2018-03-26 17:30:04+00:00,?? It was a Dachsh(und) to the finish line. https://t.co/7VvkU5GfUg,0.0,0.0,1.0,0.0
47,@BBC,2018-03-26 16:25:02+00:00,"?? Joy and Mary flew WW2 planes before any navigation system was installed.
#RAFat100 https://t.co/yxNMblfTEf",0.213,0.0,0.787,0.5859
48,@BBC,2018-03-26 15:45:04+00:00,"Tom Cruise stars in a remake of the 1953 adaptation of HG Wells’s classic novel. ?

War of the Worlds | @BBCiPlayer… https://t.co/h19JvTlFSA",0.095,0.161,0.744,-0.3818
49,@BBC,2018-03-26 15:11:57+00:00,"In her role as head of the Commonwealth, the Queen embarked on her first tour of the nations in 1953.

But by 1970… https://t.co/Av61bahNZF",0.0,0.0,1.0,0.0
50,@BBC,2018-03-26 12:58:02+00:00,"Never let a squirrel nibble your nobble... ???
https://t.co/cHm9m6At3m",0.0,0.0,1.0,0.0
51,@BBC,2018-03-26 11:48:03+00:00,Apple wants to introduce new emojis to better represent people with disabilities. ??? https://t.co/CcJfojmtTa https://t.co/ZRdEhVPMEm,0.172,0.0,0.828,0.4404
52,@BBC,2018-03-26 11:00:05+00:00,"A crack that opened up in Kenya’s Rift Valley, damaging a section of the Narok-Nairobi highway, is still growing... https://t.co/T5YocDauYj",0.0,0.163,0.837,-0.5106
53,@BBC,2018-03-26 10:00:07+00:00,"From hot cross bun gin to Creme Egg Yorkshire pudding, this year’s Easter treats are bigger, weirder and more decad… https://t.co/HvDJmgcB5q",0.0,0.07,0.93,-0.128
54,@BBC,2018-03-26 09:35:06+00:00,RT @bbcpress: Sue Perkins will return to host the 2018 #BAFTA TV awards on Sunday 13 May on @BBCOne. https://t.co/pieSWNAGbH,0.136,0.0,0.864,0.4588
55,@BBC,2018-03-26 09:33:01+00:00,"? @BillBailey is NOT a fan of taramasalata. #Room101 

https://t.co/soAAz27c0C",0.247,0.0,0.753,0.3182
56,@BBC,2018-03-26 09:04:01+00:00,"The kiwi bird's egg is so large, it takes almost ten days to lay! ???  #DavidAttenboroughsNaturalCuriosities
https://t.co/AkZqK9vzZZ",0.0,0.0,1.0,0.0
57,@BBC,2018-03-26 08:29:04+00:00,"?Why do so many celebrities decide to enter politics?

Some have done so more successfully than others...… https://t.co/MkEDpSeLMJ",0.182,0.0,0.818,0.5819
58,@BBC,2018-03-26 07:30:10+00:00,"Wishing you could get out of bed just that little bit earlier? ?

If you need some motivation to set that alarm, he… https://t.co/zsisa2oA4s",0.161,0.09,0.749,0.2263
59,@BBC,2018-03-25 19:44:01+00:00,"Could this be an answer to global water shortages? ?? This machine creates water out of thin air. 

https://t.co/caz4nXMJg5",0.101,0.077,0.821,0.128
60,@BBC,2018-03-25 19:15:06+00:00,"Tonight, @regyates meets people whose lives have been devastated by the Grenfell fire. 

Reggie Yates: Searching fo… https://t.co/HPgtcZuHte",0.0,0.286,0.714,-0.7506
61,@BBC,2018-03-25 18:40:04+00:00,"Tonight, @mcgregor_ewan and @McgColin celebrate the centenary of the Royal Air Force. 

RAF at 100 with Ewan and Co… https://t.co/nF2iwBP51b",0.163,0.0,0.837,0.5719
62,@BBC,2018-03-25 18:13:03+00:00,The first ever statue of David Bowie has been unveiled in the town where he debuted Ziggy Stardust. ??… https://t.co/lFgROYVkv1,0.0,0.0,1.0,0.0
63,@BBC,2018-03-25 17:30:07+00:00,"When you're enjoying being single and people just can't deal with it. ?? @kathbum #LiveAtTheApollo 

https://t.co/byHMHWyhPq",0.185,0.0,0.815,0.5267
64,@BBC,2018-03-25 15:03:03+00:00,"????? Welcome to Tangier Island, the tiny US island where people speak with a British accent.… https://t.co/1RoM285gRJ",0.167,0.0,0.833,0.4588
65,@BBC,2018-03-25 14:30:02+00:00,"? We could listen to him speak all day. 

? Sir David Attenborough's voice was just as iconic in the 60s as it is t… https://t.co/zYi3oK5C13",0.0,0.0,1.0,0.0
66,@BBC,2018-03-25 14:09:03+00:00,"Predictions suggest a build-up of about 80,000 tonnes of plastic in the Pacific Ocean is growing rapidly. ????… https://t.co/uKD9BQWmUi",0.091,0.0,0.909,0.1779
67,@BBC,2018-03-25 13:03:04+00:00,"??? @prattprattpratt stars as a happy-go-lucky hero who joins forces with an unlikely group of aliens. 

Guardians… https://t.co/B9W7kRZ1Qz",0.184,0.0,0.816,0.5574
68,@BBC,2018-03-25 12:03:02+00:00,"Weighing just 100g, a newborn panda is one 900th the size of its mum! ?? #DavidAttenboroughsNaturalCuriosities https://t.co/nKLQh03DJs",0.0,0.0,1.0,0.0
69,@BBC,2018-03-25 10:30:04+00:00,?Meet SoFi - the soft robot fish developed by MIT to swim among real fish in coral reefs and around the ocean to he… https://t.co/HDa7q7WsHf,0.0,0.0,1.0,0.0
70,@BBC,2018-03-25 09:30:15+00:00,"Ever wondered what made you feel moody? It might be your gut.

? https://t.co/l8oMv5gPN2 https://t.co/vq2yhtBOAn",0.0,0.161,0.839,-0.3612
71,@BBC,2018-03-25 08:43:31+00:00,"RT @BBCScotland: Up your brunch game with perfect poached eggs.

via @bbcthesocial https://t.co/1imXNeOZ9d",0.236,0.0,0.764,0.5719
72,@BBC,2018-03-25 08:43:26+00:00,"RT @bbcweather: #Winter may not be done with us yet, as colder continental air fights back against milder maritime air across the UK this w…",0.0,0.101,0.899,-0.4019
73,@BBC,2018-03-25 08:43:22+00:00,RT @BBCSport: A simply astonishing confession from Australia captain Steve Smith and batsman Cameron Bancroft ? https://t.co/YaE7fBZamq,0.0,0.0,1.0,0.0
74,@BBC,2018-03-25 08:00:12+00:00,A woman who drinks 30 cans a day says her addiction to energy drinks is worse than gambling.… https://t.co/d11ATW0F0f,0.104,0.153,0.743,-0.25
75,@BBC,2018-03-25 07:34:02+00:00,You learn something new every day. Here's how to poo a baby jaguar. ??#BigCatsAboutTheHouse https://t.co/Eg5rF1414b,0.0,0.0,1.0,0.0
76,@BBC,2018-03-25 07:02:00+00:00,When the clocks have gone forward but there's no way you're getting out of bed yet. ?????#DaylightSavings https://t.co/cHBPV3ITsQ,0.0,0.141,0.859,-0.4215
77,@BBC,2018-03-24 20:34:01+00:00,"""I still see people screaming for help.""

This Sunday at 9pm on @BBCTwo, @REGYATES meets the people whose lives wer… https://t.co/RS16yXF17H",0.0,0.115,0.885,-0.3818
78,@BBC,2018-03-24 20:00:11+00:00,"The story of the last decade of Picasso's life, through the words of family and friends. ?

Picasso's Last Stand |… https://t.co/RyiuI8KgSk",0.134,0.0,0.866,0.4767
79,@BBC,2018-03-24 19:16:04+00:00,"""Beauty is your inside, it's your personality and what shines from beneath."" 

25-year-old rapper Paigey Cakey had… https://t.co/CVGr69Y0oO",0.183,0.0,0.817,0.5859
80,@BBC,2018-03-24 18:44:04+00:00,Cambridge have won the men's and women's Boat Races. https://t.co/COTzXYuo4N ? ? #BoatRace2018 https://t.co/6SQjF1ToSt,0.252,0.0,0.748,0.5719
81,@BBC,2018-03-24 18:02:01+00:00,"?? @RomeshRanga is NOT a fan of Gogglebox. #LiveAtTheApollo
https://t.co/FHm9g6Emss",0.223,0.0,0.777,0.3182
82,@BBC,2018-03-24 17:01:01+00:00,"When proposals go wrong... ?? #Doodlebugs 
https://t.co/8Yi6giWO3S",0.0,0.0,1.0,0.0
83,@BBC,2018-03-24 15:30:10+00:00,"Writer Sara Maitland has lived alone in rural Scotland for 20 years. 

Here are seven valuable life lessons we can… https://t.co/2eAqUlnwuA",0.129,0.083,0.788,0.2732
84,@BBC,2018-03-24 15:00:06+00:00,?How an Instagram video lost me my dream job in fashion: https://t.co/72yWgHdc1k https://t.co/fl3DxMcIL5,0.131,0.15,0.719,-0.0772
85,@BBC,2018-03-24 14:01:47+00:00,? @clarebalding is live from the River Thames as @UniofOxford and @Cambridge_Uni  meet for one of the most iconic e… https://t.co/Ls9rtIYov4,0.0,0.0,1.0,0.0
86,@BBC,2018-03-24 14:01:32+00:00,RT @bbcthree: The barber helping men with dementia relive their younger lives. https://t.co/p8axQVK836,0.155,0.0,0.845,0.296
87,@BBC,2018-03-24 13:03:01+00:00,"Which animals are likely to become extinct in your lifetime? ??
https://t.co/9KwlmcNrWV",0.0,0.0,1.0,0.0
88,@BBC,2018-03-24 12:33:04+00:00,"Don't miss the highlights from the Gymnastics World Cup! ???????

World Cup Gymnastics | @BBCOne | 2:05pm |… https://t.co/7mpufyeEMo",0.098,0.0,0.902,0.1867
89,@BBC,2018-03-24 11:29:04+00:00,"How much do you know about horses? Take this quiz to see if you are an equestrian expert…?

https://t.co/ChGCB9Xi1W https://t.co/P9UgJ99nsx",0.0,0.0,1.0,0.0
90,@BBC,2018-03-24 10:31:01+00:00,"Meet Hester, the 10-year-old visually impaired skier who's hoping for Paralympic gold one day. ??https://t.co/6aiUaTc3yS",0.167,0.0,0.833,0.4215
91,@BBC,2018-03-24 10:03:01+00:00,"""The enthusiastic viewer should feel he is almost the man on the spot!"" 

In 1949, the BBC announced it would telev… https://t.co/WEoPpkrW1V",0.143,0.0,0.857,0.5411
92,@BBC,2018-03-24 09:42:34+00:00,RT @BBCNewsNI: Prince Harry and Meghan Markle are visiting Northern Ireland https://t.co/ODxLd1LIr8 https://t.co/s0zPTXj3Tk,0.0,0.0,1.0,0.0
93,@BBC,2018-03-24 09:32:59+00:00,"RT @bbcf1: Lewis Hamilton took the first pole of the season in spectacular style ??

https://t.co/a7YDOx0FlQ",0.0,0.0,1.0,0.0
94,@BBC,2018-03-24 09:31:30+00:00,"RT @sportrelief: A humongous THANK YOU to everyone who has taken part, fund-raised &amp; watched over the past weeks &amp; tonight. The #SportRelie…",0.133,0.0,0.867,0.4995
95,@BBC,2018-03-24 09:31:26+00:00,RT @sportrelief: The nation has joined together for this year's #SportRelief pulling out all the stops to make their steps count. Well done…,0.085,0.065,0.85,0.128
96,@BBC,2018-03-24 09:30:13+00:00,?A Cultural history of the avocado: https://t.co/jo1UyWlVw7 https://t.co/7VF6pBpG57,0.0,0.0,1.0,0.0
97,@BBC,2018-03-24 08:33:02+00:00,"Meet Alexandre, one of the only male performers of ‘baladi’ – also known as belly dancing – in the Middle East. ?

 https://t.co/K12N1Y6PU7",0.0,0.0,1.0,0.0
98,@BBC,2018-03-23 19:07:00+00:00,"RT @BBCOne: .@GaryLineker, @OreOduba, @ThisisDavina &amp; more kick off the biggest ever night of #SportRelief now on @bbcone. @sportrelief 
Fo…",0.0,0.0,1.0,0.0
99,@BBC,2018-03-23 18:03:04+00:00,From @taylorswift13 to @Beyonce: these are the secretive musicians who avoid interviews. ?? https://t.co/nqOmaVMzoo https://t.co/sbDga7L5cp,0.0,0.136,0.864,-0.296
100,@CBS,2018-03-27 21:00:01+00:00,Count on Entertainer Of The Year nominee @LukeBryanOnline to crash the party with an epic performance at the 53rd… https://t.co/27ua60HTqu,0.212,0.108,0.68,0.3818
101,@CBS,2018-03-27 17:00:00+00:00,Join @eltonofficial and some of today's hottest names in music when they take the stage to perform his most memorab… https://t.co/jz0jaShZIj,0.099,0.0,0.901,0.296
102,@CBS,2018-03-26 22:14:25+00:00,"RT @ACMawards: The ACM for New Vocal Group of the Year goes to @MidlandOfficial! And yes, that really was @Reba on the phone! #ACMawards ht…",0.12,0.0,0.88,0.508
103,@CBS,2018-03-26 20:42:48+00:00,"RT @ACMawards: In case you didn’t know, the ACM for New Male Vocalist of the Year goes to @BrettYoungMusic. Check out his reaction when @Re…",0.0,0.0,1.0,0.0
104,@CBS,2018-03-26 16:59:19+00:00,RT @ACMawards: Over the weekend @Reba called the ACM New Artist of the Year winners to let them know they had won! Let’s just say our New F…,0.214,0.0,0.786,0.7959
105,@CBS,2018-03-26 16:05:18+00:00,"Congratulations to the 53rd #ACMawards New Artist winners @Lauren_Alaina, @MidlandOfficial, and @BrettYoungMusic! W… https://t.co/Fr8H4arwGj",0.378,0.0,0.622,0.807
106,@CBS,2018-03-25 23:57:34+00:00,New start times in East/Central Time Zones #60Minutes 7:35ET/6:35CT #Instinct  8:35ET/7:35CT #NCISLA 9:35ET/8:35CT… https://t.co/8W5hAeLrvs,0.0,0.0,1.0,0.0
107,@CBS,2018-03-25 17:15:25+00:00,Don’t miss a minute of the action. Stream the Elite Eight® games LIVE today starting at 2PM ET with a FREE trial of… https://t.co/8NwU8HdiHR,0.157,0.062,0.78,0.5319
108,@CBS,2018-03-24 22:46:53+00:00,RT @MomCBS: That's a wrap on the #Mom panel at #PaleyFest! Thanks for following along! https://t.co/we4JgqPt6P,0.199,0.0,0.801,0.5399
109,@CBS,2018-03-24 22:46:43+00:00,RT @MomCBS: A fan just commented that #Mom helped bring him out of a deep depression. ??? #PaleyFest,0.115,0.185,0.7,-0.34
110,@CBS,2018-03-24 22:25:03+00:00,"RT @MomCBS: ""Go out for it anyway. If you're good for the role, you're good for the role."" @theJaimePressly's advice for aspiring actors wi…",0.209,0.0,0.791,0.7003
111,@CBS,2018-03-24 22:21:37+00:00,RT @MomCBS: Mom Co-Creator @GemmaRBaker just pointed out her own #Mom in the audience at #PaleyFest! ?,0.0,0.0,1.0,0.0
112,@CBS,2018-03-24 22:21:34+00:00,"RT @MomCBS: ""I'm not someone in recovery who goes to AA, but I have taken so much away from it...to take one day at a time."" - @theJaimePre…",0.0,0.0,1.0,0.0
113,@CBS,2018-03-24 22:21:26+00:00,"RT @MomCBS: ""You get to appreciate working with such talented people."" - @AnnaKFaris #Mom #PaleyFest",0.333,0.0,0.667,0.7184
114,@CBS,2018-03-24 22:21:23+00:00,RT @MomCBS: “I love this job. I love working with these women. I love working in front of the live audience… It’s alive and it’s fun.” - @A…,0.42,0.0,0.58,0.9451
115,@CBS,2018-03-24 20:00:02+00:00,"Get on your feet for @Jason_Aldean, @ThomasRhett, @ChrisStapleton, @KeithUrban, and @ChrisYoungMusic, the five nomi… https://t.co/oT5ogjdj4x",0.0,0.0,1.0,0.0
116,@CBS,2018-03-23 22:33:52+00:00,Get ready for some sweet games! Stream #5 Clemson vs #1 Kansas LIVE at 7PM ET and #11 Syracuse vs #2 Duke LIVE at 9… https://t.co/4WstgrKNnW,0.194,0.0,0.806,0.6996
117,@CBS,2018-03-23 22:33:04+00:00,RT @SEALTeamCBS: In honor of #NationalPuppyDay... ? #SEALTeam https://t.co/4mIZPpiRlU,0.314,0.0,0.686,0.4939
118,@CBS,2018-03-23 22:32:48+00:00,"RT @HawaiiFive0CBS: Nothing like a man and his dog! ?? Happy #NationalPuppyDay to Eddie, the best pup on the Five-0 Task Force! #H50 https:…",0.355,0.0,0.645,0.8997
119,@CBS,2018-03-22 22:10:29+00:00,Game on! 16 teams left and the race to the finish continues tonight. Stream #11 Loyola-Chicago vs #7 Nevada LIVE at… https://t.co/W374rmzzoC,0.0,0.0,1.0,0.0
120,@CBS,2018-03-22 20:52:02+00:00,Save the date! These are season finales you do NOT want to miss. RT if you're excited! https://t.co/UUQoWsPPSh https://t.co/cDl4WmxMtU,0.311,0.066,0.623,0.7081
121,@CBS,2018-03-22 00:23:38+00:00,Congratulations to all of the @CBSDaytime nominees for the #DaytimeEmmys! See the full list of #DaytimeEmmy nominee… https://t.co/ivJVJWvfsf,0.198,0.0,0.802,0.636
122,@CBS,2018-03-21 18:00:01+00:00,Female Vocalist Of The Year nominee @MarenMorris will show her fans how it’s done when she takes the stage to showc… https://t.co/PITjmAoFT8,0.0,0.0,1.0,0.0
123,@CBS,2018-03-20 20:00:01+00:00,The legendary @Reba returns to host the 53rd #ACMawards and she’s proving just how comfortable she is behind the mi… https://t.co/XPXcSPRXqC,0.142,0.0,0.858,0.5106
124,@CBS,2018-03-20 17:58:43+00:00,RT @nancyodell: Told my daughter I'd be presenting at @ACMawards again this year. (Woot woot!We both luv country music!)She took this pic o…,0.0,0.0,1.0,0.0
125,@CBS,2018-03-20 16:52:42+00:00,RT @ladyantebellum: Ecstatic to announce we'll be performing at the #ACMawards in Las Vegas again this year! https://t.co/Qfhs94j6FR,0.174,0.0,0.826,0.5562
126,@CBS,2018-03-20 16:11:00+00:00,"Country superstars @kennychesney, @ladyantebellum, @blakeshelton, and @KeithUrban have just been added to the stell… https://t.co/bJ4If7MacP",0.0,0.0,1.0,0.0
127,@CBS,2018-03-19 21:02:26+00:00,"RT @YandR_CBS: Forever evolving, Forever inspiring, Forever Young and Restless. ?? Get ready to celebrate 45 years of #YR starting in just…",0.309,0.072,0.619,0.7845
128,@CBS,2018-03-18 23:44:30+00:00,New start times in East/Central Time Zones: #60Minutes 7:37ET/6:37CT #Instinct series premiere 8:37ET/7:37CT… https://t.co/xT3YKqmu2M,0.0,0.0,1.0,0.0
129,@CBS,2018-03-18 18:05:43+00:00,Spend your Sunday streaming Second Round games LIVE with a FREE trial of CBS All Access! https://t.co/3P85rXLy4b https://t.co/zbWfirD9Ju,0.213,0.0,0.787,0.6514
130,@CBS,2018-03-18 17:09:53+00:00,"RT @instinctcbs: TONIGHT, Dr. Dylan Reinhart rewrites the book on abnormal behavior. Don't miss the premiere of #Instinct at 8/7c! https://…",0.08,0.0,0.92,0.1867
131,@CBS,2018-03-17 19:00:02+00:00,"If any duo knows how to rock the stage, it's @FLAGALine. The Vocal Duo Of The Year nominee will perform live at the… https://t.co/FknabB8NQp",0.0,0.0,1.0,0.0
132,@CBS,2018-03-17 17:42:43+00:00,How is your bracket looking after last night? Stream Second Round games LIVE today with a FREE trial of CBS All Acc… https://t.co/25JlIpgwog,0.161,0.0,0.839,0.6166
133,@CBS,2018-03-17 14:00:03+00:00,Where better to spend #StPatricksDay than the place everybody knows your name? It’s just your luck that every singl… https://t.co/Fom5wmdENL,0.247,0.0,0.753,0.7096
134,@CBS,2018-03-16 22:53:21+00:00,Stars @JakeMcDorman and Nik Dodani will join the cast in the upcoming revival of Murphy Brown coming to CBS.… https://t.co/JCAx29lo0i,0.104,0.0,0.896,0.296
135,@CBS,2018-03-16 18:15:53+00:00,"RT @thegoodfight: Go behind the scenes with costume designer @DanLawsonStyle in ""Behind The Style,"" a new weekly video series all about the…",0.0,0.0,1.0,0.0
136,@CBS,2018-03-16 16:28:40+00:00,The games have just begun! Continue to stream First Round games LIVE today with a FREE trial of CBS All Access:… https://t.co/YTGsJ48zYP,0.178,0.0,0.822,0.6514
137,@CBS,2018-03-15 17:54:06+00:00,"RT @TheTalkCBS: You asked, we answered! The fun never ends when the ladies #KeepTalking and answer your fan questions ???? https://t.co/ie1…",0.237,0.0,0.763,0.7088
138,@CBS,2018-03-15 17:20:26+00:00,RT @instinctcbs: Dr. Dylan Reinhart is lured back into the field from his life of quiet academia when a certain serial killer makes things…,0.077,0.157,0.766,-0.4939
139,@CBS,2018-03-15 16:42:41+00:00,Stream First Round games LIVE today starting at 12PM ET with a FREE trial of CBS All Access! https://t.co/3P85rXLy4b https://t.co/vZow3YD8cb,0.194,0.0,0.806,0.6514
140,@CBS,2018-03-15 14:32:16+00:00,RT @CBSSports: It's the most wonderful time of the year. #MarchMadness https://t.co/e4c9qohqSR,0.266,0.0,0.734,0.6115
141,@CBS,2018-03-14 19:30:01+00:00,"Give these ladies some love! @Lauren_Alaina, @DBradbery, @carlypearce, and @RaeLynn are nominated for New Female Vo… https://t.co/IVhwURfJ3S",0.219,0.0,0.781,0.6696
142,@CBS,2018-03-13 18:48:52+00:00,"RT @ManWithAPlan: Hungry for more #ManWithAPlan bloopers and behind-the-scenes videos featuring cast like @matt_leblanc, @thelizasnyder, @k…",0.143,0.0,0.857,0.3612
143,@CBS,2018-03-13 14:15:10+00:00,"Music stars @MileyCyrus, @edsheeran, @ladygaga, and more will honor the legendary @eltonofficial and his hit songs… https://t.co/UzxARCCLnI",0.179,0.0,0.821,0.539
144,@CBS,2018-03-12 18:13:28+00:00,RT @thegoodfight: The verdict is in. The new season of #TheGoodFight is ???! Stream it now on CBS All Access: https://t.co/FkYSNSXlRb https…,0.083,0.0,0.917,0.2244
145,@CBS,2018-03-12 01:20:43+00:00,"RT @MadamSecretary: In less than an hour, #MadamSecretary's Keith Carradine will be taking over the @MadamSecretary Twitter page! Tweet alo…",0.0,0.0,1.0,0.0
146,@CBS,2018-03-09 22:48:26+00:00,RT @DierksBentley: Take and post a photo of the woman in your life who inspires you daily! Use the hashtag #WomanAmenACM in your post for a…,0.117,0.0,0.883,0.4926
147,@CBS,2018-03-09 22:24:20+00:00,"RT @MomCBS: If you missed guest star @KChenoweth in the latest episode of #Mom, not to worry! Watch now: https://t.co/RlvXoGOZ0l https://t.…",0.113,0.092,0.795,0.1275
148,@CBS,2018-03-09 21:10:21+00:00,"Give a round of applause to @KelseaBallerini, @MirandaLambert, @Reba, @MarenMorris, and @CarrieUnderwood, the five… https://t.co/Ncp1BTXx6N",0.177,0.0,0.823,0.4215
149,@CBS,2018-03-09 18:27:28+00:00,"RT @thegoodfight: Smart, sexy, and sophisticated. See what's coming this season on #TheGoodFight. https://t.co/CuKhx2G50P https://t.co/ygTI…",0.447,0.0,0.553,0.8658
150,@CBS,2018-03-09 16:02:27+00:00,RT @BlueBloods_CBS: Even stand-up guys fall down sometimes. #BlueBloods is new tonight at 10/9c! https://t.co/UOlDm22wWW,0.0,0.0,1.0,0.0
151,@CBS,2018-03-08 18:00:49+00:00,Today and every day we celebrate the women in our lives who empower and inspire us. Share a story about an influent… https://t.co/9rVtqrElvT,0.336,0.0,0.664,0.8625
152,@CBS,2018-03-08 17:03:04+00:00,Take and post a photo of the woman in your life who inspires you daily! Use the hashtag #WomanAmenACM in your post… https://t.co/7ShhvE48zy,0.132,0.0,0.868,0.4926
153,@CBS,2018-03-07 18:39:10+00:00,"RT @thegoodfight: Meticulously constructed. Soapy &amp; sexy. Intoxicating, savage television. ? Here's what critics are saying about #TheGoodF…",0.15,0.23,0.619,-0.2023
154,@CBS,2018-03-07 17:06:02+00:00,"This just in! @Jason_Aldean, @mirandalambert, @LukeBryanOnline, and many more are set to perform at the 53rd Academ… https://t.co/mfxw2VxzU4",0.0,0.0,1.0,0.0
155,@CBS,2018-03-06 18:10:59+00:00,"Meet the ensemble of talented actors slated to join $1, a new mystery series coming to CBS All Access:… https://t.co/QoyYv7vxwg",0.244,0.0,0.756,0.6705
156,@CBS,2018-03-05 22:16:43+00:00,"Will @Jason_Aldean, @garthbrooks, @LukeBryanOnline, @ChrisStapleton, or @KeithUrban be named Entertainer Of The Yea… https://t.co/rMD8zjeX3s",0.167,0.0,0.833,0.3818
157,@CBS,2018-03-04 08:05:26+00:00,"RT @thegoodfight: It feels good to be back. ??? The season 2 premiere of #TheGoodFight is now streaming, exclusively on CBS All Access: htt…",0.116,0.0,0.884,0.4404
158,@CBS,2018-03-03 20:55:20+00:00,"RT @thegoodfight: Tomorrow, #TheGoodFight is back. Stream the season 2 premiere only on CBS All Access: https://t.co/tNFR8LBJO2 https://t.c…",0.0,0.0,1.0,0.0
159,@CBS,2018-03-02 22:30:01+00:00,"Who are the trailblazing women in your life that inspire you? Join CBS and the ANA's #SeeHer initiative, celebratin… https://t.co/M0KqZ41Bes",0.247,0.0,0.753,0.7096
160,@CBS,2018-03-02 20:30:01+00:00,"Join @maria_bello, @aishatyler and @TeaLeoni in celebrating the accomplishments of women who have contributed to th… https://t.co/MefESBeFL3",0.282,0.0,0.718,0.7096
161,@CBS,2018-03-02 18:45:00+00:00,"In honor of Women's History Month, CBS and the Association of National Advertisers' (ANA) #SeeHer initiative will p… https://t.co/2wtYxKJVuO",0.151,0.0,0.849,0.4939
162,@CBS,2018-03-01 18:59:01+00:00,RT @ZoeListerJones: Tonight’s an all new Life In Pieces and it’s directed by my ride or die @nataliaanderson!!!… https://t.co/2LPfmyLWrY,0.0,0.21,0.79,-0.6981
163,@CBS,2018-03-01 18:12:57+00:00,"RT @MarenMorris: Hot damn! Woke up from my post-wisdom teeth haze to find out I’m up for 4 @ACMawards ! So honored, especially for the Dear…",0.159,0.092,0.749,0.4547
164,@CBS,2018-03-01 18:11:50+00:00,RT @KelseaBallerini: Ohhhhh goodness. Incredible. Thank you thank you thank you. #female https://t.co/1ZTYjNfQeF,0.538,0.0,0.462,0.8591
165,@CBS,2018-03-01 18:10:50+00:00,RT @KeithUrban: ACMs...... HOLY SMOKES!!!!! MAD LOVE TO U ALL THIS MORNING  FOR THESE INCREDIBLE NOMINATIONS. I’M EXTREMELY GRATEFUL!!!!!!!…,0.234,0.151,0.615,0.4885
166,@CBS,2018-03-01 14:36:21+00:00,"RT @ACMawards: Congratulations to this year’s #ACMawards Video of the Year nominees:
“Black” - @DierksBentley
“It Ain’t My Fault” - @Brothe…",0.178,0.0,0.822,0.5994
167,@CBS,2018-03-01 14:29:20+00:00,"RT @ACMawards: Please give a round of applause to this year’s #ACMawards Entertainer of the Year nominees: @Jason_Aldean, @GarthBrooks, @Lu…",0.325,0.0,0.675,0.7717
168,@CBS,2018-03-01 14:15:29+00:00,".@ChrisStapleton, @ThomasRhett, @mirandalambert and more are all nominated for awards at Country Music's Party of t… https://t.co/Vm1vXRUDYJ",0.275,0.0,0.725,0.6908
169,@CBS,2018-03-01 13:50:11+00:00,"The Queen of Country, @Reba, is returning to host the 53rd #ACMawards on Sunday, April 15 at 8/7c. Here are a few o… https://t.co/Iqzz6Gql01",0.0,0.0,1.0,0.0
170,@CBS,2018-03-01 01:04:52+00:00,RT @survivorcbs: It’s time! #Survivor https://t.co/YPk6cGWrUA,0.0,0.0,1.0,0.0
171,@CBS,2018-02-28 19:56:58+00:00,"RT @CBSThisMorning: TOMORROW: The nominees for the 2018 @ACMawards will be announced live by the one-and-only, @Reba! 

Watch on @CBS in ou…",0.0,0.0,1.0,0.0
172,@CBS,2018-02-28 19:08:30+00:00,"RT @thegoodfight: From the set design and costumes to hair and makeup, the production quality is truly next-level. Take a peek inside the u…",0.116,0.0,0.884,0.4404
173,@CBS,2018-02-27 03:23:47+00:00,RT @LivinBiblically: The fun continues on Facebook! The #LivingBiblically cast is live to talk about tonight’s premiere. Tune in here: http…,0.152,0.0,0.848,0.5562
174,@CBS,2018-02-26 22:50:32+00:00,"RT @KevinCanWaitCBS: Can you get all the way through these #KevinCanWait bloopers without laughing?! @KevinJames,@LeahRemini and the rest o…",0.0,0.0,1.0,0.0
175,@CBS,2018-02-26 21:08:30+00:00,"RT @ACMawards: That’s right! @Reba is headed to @CBSThisMorning on Thursday, March 1 to announce this year’s #ACMAwards' nominees. Tune in…",0.0,0.0,1.0,0.0
176,@CBS,2018-02-26 19:53:41+00:00,"RT @ScorpionCBS: You can't hack your way to a 197 IQ, but you are well on your way with these Genius Facts from #TeamScorpion! ? You can be…",0.105,0.0,0.895,0.4482
177,@CBS,2018-02-26 18:32:36+00:00,RT @SuperiorDonuts: You can always count on @DavidKoechner for a laugh! Did your favorite Tush moment make the list? Catch a new #SuperiorD…,0.266,0.0,0.734,0.784
178,@CBS,2018-02-26 18:20:16+00:00,RT @TheTalkCBS: TODAY: We loved them together then &amp; we love seeing them together now! Welcome back to the show @THESaraGilbert?'s good fri…,0.429,0.0,0.571,0.9359
179,@CBS,2018-02-26 16:53:56+00:00,"RT @thegoodfight: As foundations begin to crumble, our characters struggle to make sense of this new dystopian world. The cast teases what'…",0.0,0.184,0.816,-0.5423
180,@CBS,2018-02-26 16:52:01+00:00,"#LivingBiblically's @linzkraft and @jrfergjr appeared on @KCBS's Facebook Live this morning, talking all about what… https://t.co/4RebcHuuMQ",0.0,0.0,1.0,0.0
181,@CBS,2018-02-26 16:17:55+00:00,"RT @CBSSports: Introducing CBS Sports HQ, a New 24/7 Direct-to-Consumer Streaming Network for Sports News, Highlights, &amp; Analysis.

Stream…",0.0,0.0,1.0,0.0
182,@CBS,2018-02-26 01:12:32+00:00,"RT @CBSBigBrother: It’s down to the final 5 celebrity Houseguests, and anyone could take home the grand prize! Tune in NOW to watch the #BB…",0.231,0.0,0.769,0.7644
183,@CBS,2018-02-25 21:51:32+00:00,RT @startrekcbs: Binge the entire first season of #StarTrekDiscovery. All episodes now streaming exclusively on CBS All Access: https://t.c…,0.0,0.0,1.0,0.0
184,@CBS,2018-02-25 21:51:22+00:00,"RT @thegoodfight: #TheGoodFight returns in 1 week. Season 2 premieres Sunday, March 4. https://t.co/nomCao1GWp https://t.co/BOn6bOe9Tb",0.0,0.0,1.0,0.0
185,@CBS,2018-02-23 18:15:40+00:00,RT @thegoodfight: This is our new favorite thing. Christine Baranski debuted #TheGoodFight the Musical on @colbertlateshow last night! ??…,0.155,0.0,0.845,0.5093
186,@CBS,2018-02-22 19:26:52+00:00,"RT @LivinBiblically: Confession time: have YOU ever hit the ""close door"" button in an elevator while somebody was approaching? The cast of…",0.0,0.0,1.0,0.0
187,@CBS,2018-02-21 19:20:04+00:00,RT @CBSEyeSpeak: Mark your calendars! #CBSEyeSpeak kicks off March 14 with The EYE Speak Summit. Follow our page for more details! https://…,0.0,0.0,1.0,0.0
188,@CBS,2018-02-21 18:19:25+00:00,"RT @CBSEyeSpeak: Proud to announce a new CBS initiative, promoting female empowerment and developing the next generation of leaders through…",0.248,0.0,0.752,0.6808
189,@CBS,2018-02-20 19:55:19+00:00,"RT @LivinBiblically: When you're living by the Bible, it's good to have a priest and a rabbi on call (provided they answer their phones, th…",0.116,0.0,0.884,0.4404
190,@CBS,2018-02-20 17:58:18+00:00,"RT @thegoodfight: Chicago lawyers are being hunted and the world is going insane. 

The new season of #TheGoodFight premieres Sunday, March…",0.0,0.119,0.881,-0.4019
191,@CBS,2018-02-20 17:39:51+00:00,Ready for some larger than life competition? This new series from @MarkBurnettTV will premiere in summer 2018.… https://t.co/gDXHLdIJ5v,0.128,0.0,0.872,0.3612
192,@CBS,2018-02-17 01:07:20+00:00,"With tournament dreams on the line, make sure to stream these college basketball matchups on CBS All Access:… https://t.co/SGkYUZrQWB",0.227,0.0,0.773,0.6124
193,@CBS,2018-02-16 18:42:43+00:00,"RT @LivinBiblically: While Chip's sticking to the Bible's original rules, the cast of #LivingBiblically has given them a more modern makeov…",0.108,0.0,0.892,0.3182
194,@CBS,2018-02-16 17:48:20+00:00,"Casting News! Peter Mark Kendall, Michael Gaston, Greg Wise, Rade Šerbedžija, Zack Pearlman, and Keye Chen join the… https://t.co/GFob2KrD8H",0.248,0.0,0.752,0.68
195,@CBS,2018-02-14 19:23:27+00:00,RT @BullCBS: The verdict is in...#Bull is the perfect Valentine! ?? Happy #ValentinesDay! https://t.co/poEejI4AnC,0.466,0.0,0.534,0.8619
196,@CBS,2018-02-13 20:03:56+00:00,"RT @NoActivityCBS: Car 27 reporting: Season 2 of #NoActivity coming soon!

Binge season one now on CBS All Access: https://t.co/yvxoQMeyhN…",0.0,0.0,1.0,0.0
197,@CBS,2018-02-13 18:54:52+00:00,"RT @LivinBiblically: Against all odds (and the advice of his God Squad), Chip is determined to live life by the Good Book. Think you could…",0.252,0.0,0.748,0.7506
198,@CBS,2018-02-12 18:49:45+00:00,RT @thegoodfight: Christine Baranski reflects upon the spectacular metamorphosis of her character in #TheGoodFight's first season. Revisit…,0.0,0.0,1.0,0.0
199,@CBS,2018-02-12 01:32:33+00:00,RT @startrekcbs: Binge the entire first season of #StarTrekDiscovery. All 15 episodes now streaming on CBS All Access: https://t.co/lKLaptP…,0.0,0.0,1.0,0.0
200,@CNN,2018-03-29 04:16:02+00:00,"13,000-year-old footprints were found off the coast of a Canadian island, giving researchers insight into life duri… https://t.co/kVVm25t5OX",0.13,0.0,0.87,0.34
201,@CNN,2018-03-29 04:08:07+00:00,"The White House calls police shootings of black men a ""local matter"" that ""should be left up to the local authoriti… https://t.co/sY2mCtlOfy",0.052,0.0,0.948,0.0258
202,@CNN,2018-03-29 04:01:07+00:00,Donations to the NRA tripled in the weeks after the Parkland shooting https://t.co/2E6tfAx4bc,0.0,0.0,1.0,0.0
203,@CNN,2018-03-29 03:46:06+00:00,A Democratic candidate challenging Rep. Devin Nunes in California took in more than $1 million in the first quarter… https://t.co/1msxOoKDCR,0.082,0.0,0.918,0.1531
204,@CNN,2018-03-29 03:31:04+00:00,Most world leaders visiting other countries make a grand entrance by stepping off a large jet. North Korean leader… https://t.co/UKBraqVF6m,0.15,0.0,0.85,0.4588
205,@CNN,2018-03-29 03:24:05+00:00,Former Sen. Rick Santorum says he misspoke earlier this week when suggesting that students should learn CPR instead… https://t.co/fU7HlJrZq8,0.0,0.0,1.0,0.0
206,@CNN,2018-03-29 03:16:03+00:00,Ireland will hold a referendum on May 25 on whether abortion should be legalized https://t.co/l37NDo42BR,0.0,0.0,1.0,0.0
207,@CNN,2018-03-29 03:09:05+00:00,"The US military conducted its first airstrike against al Qaeda in Libya on Saturday, killing one of the group's lea… https://t.co/6MXInlEang",0.0,0.18,0.82,-0.6597
208,@CNN,2018-03-29 03:05:07+00:00,"Apple's quest to find a home for another campus will be different than Amazon's approach, says CEO Tim Cook: ""We're… https://t.co/Wqndqgc9DX",0.0,0.0,1.0,0.0
209,@CNN,2018-03-29 03:01:09+00:00,"Is the tech wreck for Amazon and Facebook over, or just beginning? https://t.co/2pFsIbxNwN https://t.co/bhuy3WxmNA",0.102,0.175,0.723,-0.296
210,@CNN,2018-03-29 03:01:08+00:00,"Hong Kong's ""Frog King"" showcases experimental art at Cattle Depot, a former slaughterhouse turned artists' village… https://t.co/XOUWej21jM",0.0,0.0,1.0,0.0
211,@CNN,2018-03-29 03:01:08+00:00,"ABC's revival of ""Roseanne"" premiered on Tuesday to a staggering 18.2 million viewers https://t.co/U5wymoCpH5 https://t.co/4miTagWpDZ",0.0,0.0,1.0,0.0
212,@CNN,2018-03-29 02:46:07+00:00,India is building a city from scratch to attract foreign investors https://t.co/1RPv5hlNNL https://t.co/hTa0IGMfzD,0.185,0.0,0.815,0.3612
213,@CNN,2018-03-29 02:31:04+00:00,"Planned Parenthood is facing a backlash after one of its branches tweeted, and then deleted, a post suggesting Disn… https://t.co/NtkpyCU0AU",0.0,0.0,1.0,0.0
214,@CNN,2018-03-29 02:22:48+00:00,"RT @AC360: Stuck in the middle with Toobin?! CNN's @JeffreyToobin sits between two lawyers who collectively yell 'thug' 20 times: ""The hand…",0.0,0.098,0.902,-0.3164
215,@CNN,2018-03-29 02:22:29+00:00,Surprise meetings and potential pitfalls: Trump preps for North Korea https://t.co/bKWwIBH9nO https://t.co/gx1KlxAxJi,0.16,0.0,0.84,0.2732
216,@CNN,2018-03-29 02:22:01+00:00,"RT @AC360: ""The family of Stephon Clark doesn't trust anything from the Sacramento police department since they were not told the truth at…",0.0,0.182,0.818,-0.5667
217,@CNN,2018-03-29 02:16:06+00:00,A New York City lawmaker has introduced a bill that would make it illegal for businesses to email or instant messag… https://t.co/n6SKMpXOe6,0.0,0.159,0.841,-0.5574
218,@CNN,2018-03-29 02:11:03+00:00,"Gov. Gary Herbert signed a bill earlier this month that makes it OK for parents to let their children ""free range""… https://t.co/fME2edSgCm",0.247,0.0,0.753,0.7378
219,@CNN,2018-03-29 02:09:41+00:00,"RT @AC360: ""When you consider that 73 civilians have been killed by police bullets since 2015 and 70 of those were African American men, th…",0.0,0.158,0.842,-0.6705
220,@CNN,2018-03-29 02:08:27+00:00,Joe Biden video chats with a cancer-stricken Idaho teen https://t.co/7owGyBpMXO https://t.co/QzweC0m851,0.0,0.0,1.0,0.0
221,@CNN,2018-03-29 02:01:07+00:00,"Former sheriff Joe Arpaio suggested that he would, if elected to the Senate, revive the debunked ""birther"" claim th… https://t.co/pAunVld9dA",0.112,0.0,0.888,0.34
222,@CNN,2018-03-29 01:58:02+00:00,"Is the Parkland shooter's brother, jailed on a $500,000 bond, being punished for his sibling's crime? https://t.co/nQMYNkwBXV",0.0,0.427,0.573,-0.8658
223,@CNN,2018-03-29 01:56:05+00:00,"Hong Kong's ""Frog King"" showcases experimental art at Cattle Depot, a former slaughterhouse turned artists' village… https://t.co/f5t7BKXkgG",0.0,0.0,1.0,0.0
224,@CNN,2018-03-29 01:51:56+00:00,Chinese tech firm Huawei has a new smartphone that use three cameras to snap a single photo https://t.co/4RNhVY64o2 https://t.co/r61gT5ul35,0.0,0.0,1.0,0.0
225,@CNN,2018-03-29 01:51:03+00:00,A warning light is flashing in the bond market: An obscure measure known as the yield curve is flattening. Here's a… https://t.co/r7SCdGmPIj,0.0,0.107,0.893,-0.34
226,@CNN,2018-03-29 01:46:06+00:00,"Australia just released its report on an investigation into mesh implants that left some women with ""rotting pelvis… https://t.co/vXdnqlQwFa",0.0,0.0,1.0,0.0
227,@CNN,2018-03-29 01:36:49+00:00,"They may have passed a $1.3 trillion deficit-busting spending bill last week, but lawmakers have found at least one… https://t.co/odb9G4aYS4",0.0,0.0,1.0,0.0
228,@CNN,2018-03-29 01:31:07+00:00,"On her 18th birthday, Charlie Lagarde bought a celebratory bottle of sparkling wine and her first-ever lottery tick… https://t.co/lLhvLHz1DW",0.115,0.0,0.885,0.296
229,@CNN,2018-03-29 01:21:04+00:00,White House physician Ronny Jackson's performance during an extended grilling over President Trump's health and cog… https://t.co/Vt2BaYrSOC,0.0,0.0,1.0,0.0
230,@CNN,2018-03-29 01:16:03+00:00,Why the Stevens gun manifesto is beyond irresponsible | By Robert A. Levy via @CNNOpinion https://t.co/FnBVWPEwG1 https://t.co/x3vxslFVQI,0.0,0.275,0.725,-0.6486
231,@CNN,2018-03-29 01:10:59+00:00,A 12-year-old boy who survived cancer finally got his wish: a kiss from Pope Francis https://t.co/hMPCnn54AW https://t.co/MK4xso1SkF,0.364,0.182,0.455,0.5267
232,@CNN,2018-03-29 01:08:02+00:00,RT @OutFrontCNN: Rudy! Rudy! Rudy! ...can you hear me now? We have an ear-y feeling Rudy Giuliani got his wires crossed with some of the la…,0.087,0.0,0.913,0.3348
233,@CNN,2018-03-29 01:06:06+00:00,All the President's lawsuits | Analysis by CNN's Z. Byron Wolf https://t.co/FjfLWkUXLJ https://t.co/ETvCrQhzxp,0.0,0.127,0.873,-0.1531
234,@CNN,2018-03-29 01:02:07+00:00,A brief history of how Parkland survivor David Hogg keeps schooling lawmakers on social media… https://t.co/gNYlPEKegD,0.152,0.0,0.848,0.3612
235,@CNN,2018-03-29 00:45:17+00:00,"A judge handed a small victory to Tesla shareholders, allowing them to move forward with a lawsuit against CEO Elon… https://t.co/mlOgFkO6Ra",0.0,0.101,0.899,-0.2263
236,@CNN,2018-03-29 00:38:29+00:00,"The ""Roseanne"" reboot is damn good. The star deserves none of the credit. | By Clay Cane via @CNNOpinion… https://t.co/ahjsn8swjE",0.122,0.205,0.673,-0.2462
237,@CNN,2018-03-29 00:36:33+00:00,"RT @OutFrontCNN: ""We're all sinners, nobody understands that better than Evangelicals…we believe we all need forgiveness."" - Evangelical Je…",0.146,0.0,0.854,0.4404
238,@CNN,2018-03-29 00:36:22+00:00,A dramatic night-vision video captures a US raid to kill ISIS fighters https://t.co/aZcs03C79X https://t.co/Z4AoSdOvVY,0.0,0.371,0.629,-0.7096
239,@CNN,2018-03-29 00:35:31+00:00,"RT @OutFrontCNN: ""She signed the contract, she received the benefit of the contract. It was signed by the other party."" Michael Cohen's att…",0.12,0.0,0.88,0.4588
240,@CNN,2018-03-29 00:24:50+00:00,Donations pour in for a high school rifle team after the school board votes against accepting an NRA grant… https://t.co/MSnEeZdHgs,0.126,0.0,0.874,0.3818
241,@CNN,2018-03-29 00:11:03+00:00,President Trump's campaign touted the administration's move to add a question about citizenship status to the US Ce… https://t.co/W0f7SGr3md,0.0,0.066,0.934,-0.0516
242,@CNN,2018-03-29 00:06:05+00:00,Thousands of people marched through Paris to protest the killing of a Holocaust survivor in her home… https://t.co/zqfYkmsLVD,0.109,0.279,0.611,-0.5994
243,@CNN,2018-03-29 00:01:07+00:00,"The White House calls police shootings of black men a ""local matter"" that ""should be left up to the local authoriti… https://t.co/nektBUdjeE",0.052,0.0,0.948,0.0258
244,@CNN,2018-03-28 23:56:06+00:00,"George Conway, husband of White House counselor Kellyanne Conway, appears to be trolling President Trump… https://t.co/NUmgl5Ms4T",0.0,0.0,1.0,0.0
245,@CNN,2018-03-28 23:51:03+00:00,Authorities and the Sacramento Kings are preparing for protests that are expected Thursday after the funeral for St… https://t.co/wYLH5W0049,0.0,0.206,0.794,-0.5267
246,@CNN,2018-03-28 23:46:07+00:00,"US President Trump granted tariff exemptions to six countries and the European Union, but ""it's not an exemption li… https://t.co/nE0wY3IAVf",0.073,0.0,0.927,0.128
247,@CNN,2018-03-28 23:41:03+00:00,"Emails reveal the Department of Justice would have ""very little involvement"" if President Trump tweeted a pardon… https://t.co/UYNvBIqLcE",0.175,0.0,0.825,0.5267
248,@CNN,2018-03-28 23:36:05+00:00,"A new bill in Kansas would not only authorize the arming of school staff, but would hold schools responsible if a s… https://t.co/0raMQKJkXD",0.129,0.0,0.871,0.4497
249,@CNN,2018-03-28 23:31:01+00:00,Some Twitter users are outraged that Netflix appointed Susan Rice to its board https://t.co/ZVA60bqn62 https://t.co/9TjTGHh20c,0.0,0.2,0.8,-0.5423
250,@CNN,2018-03-28 23:26:03+00:00,Ecuador says it has again suspended Julian Assange's outside communications access at its embassy in London… https://t.co/ANmsVaviGV,0.0,0.162,0.838,-0.4767
251,@CNN,2018-03-28 23:21:05+00:00,"Sudden infant death syndrome may have a genetic basis in some cases, a new study suggests https://t.co/04uPE4IHBs https://t.co/d15ipkOky1",0.0,0.206,0.794,-0.5994
252,@CNN,2018-03-28 23:14:38+00:00,A 12-year-old boy who survived cancer finally got his wish: a kiss from Pope Francis https://t.co/lZqCCbVV6b https://t.co/Ncy22YwUuu,0.364,0.182,0.455,0.5267
253,@CNN,2018-03-28 22:58:00+00:00,The Justice Department's internal watchdog announced it has launched a probe into the department and the FBI's hand… https://t.co/ccQQChOlBu,0.234,0.0,0.766,0.5994
254,@CNN,2018-03-28 22:49:31+00:00,Nobel Peace Prize winner Malala Yousafzai is back in Pakistan for the first time since she was shot in the face and… https://t.co/O6HJRNK5ml,0.346,0.0,0.654,0.891
255,@CNN,2018-03-28 22:46:23+00:00,Maserati unveiled a 590 horsepower high performance version of its Levante crossover SUV at the New York Auto Show… https://t.co/y7jpECCr2J,0.0,0.0,1.0,0.0
256,@CNN,2018-03-28 22:36:50+00:00,"Exclusive: In depositions, the Karolyis say they knew nothing of former USA Gymnastics doctor Larry Nassar's abuse… https://t.co/6gOzBZ6j4g",0.081,0.0,0.919,0.128
257,@CNN,2018-03-28 22:19:46+00:00,"Sen. Chris Coons: ""It is concerning to me that the President is increasingly seeming to manage his cabinet more lik… https://t.co/TCZaET9mBG",0.0,0.0,1.0,0.0
258,@CNN,2018-03-28 22:15:11+00:00,"Rep. Steve King's remark about outspoken Parkland student Emma Gonzalez ""betrays a lack of understanding about the… https://t.co/GZB7Hy487F",0.0,0.279,0.721,-0.7003
259,@CNN,2018-03-28 22:09:38+00:00,"Susan Rice, a former UN ambassador and national security adviser under President Barack Obama, has joined Netflix's… https://t.co/oXEfylqYkT",0.13,0.0,0.87,0.34
260,@CNN,2018-03-28 22:07:26+00:00,"White House press secretary Sarah Sanders refused to answer whether President Donald Trump was aware of a $130,000… https://t.co/bJ2feNKSpL",0.0,0.115,0.885,-0.296
261,@CNN,2018-03-28 22:04:14+00:00,"Sources describe four yet-to-be-released videos recorded the night of the shooting of Alton Sterling as ""very graph… https://t.co/gpokg872eO",0.0,0.0,1.0,0.0
262,@CNN,2018-03-28 21:53:22+00:00,"President Donald Trump says Veterans Affairs Secretary David Shulkin is out, and that Shulkin will be replaced with… https://t.co/v03PKc6WVZ",0.0,0.0,1.0,0.0
263,@CNN,2018-03-28 21:49:47+00:00,"President Trump thanked Shulkin via Twitter for his ""service to our country and to our GREAT VETERANS"" and said Rob… https://t.co/9FvpdZJr2f",0.289,0.0,0.711,0.8286
264,@CNN,2018-03-28 21:44:46+00:00,"BREAKING: President Donald Trump says Veterans Affairs Secretary David Shulkin is out, and that he'll be replaced w… https://t.co/GOXcsz3wzn",0.0,0.0,1.0,0.0
265,@CNN,2018-03-28 21:37:46+00:00,UK detectives say they believe the former Russian double agent Sergei Skripal and his daughter first encountered a… https://t.co/ICwOpi9mPc,0.0,0.0,1.0,0.0
266,@CNN,2018-03-28 21:26:53+00:00,"Former Vice President Joe Biden regrets saying that if he were in high school, he would fight President Trump over… https://t.co/l4oVqppV40",0.0,0.212,0.788,-0.6249
267,@CNN,2018-03-28 21:23:39+00:00,"RT @CNNnewsroom: ""There's this power of nostalgia in this family...but they were also the quintessential working class, white, exurban fami…",0.0,0.0,1.0,0.0
268,@CNN,2018-03-28 21:20:38+00:00,"News that Cambridge Analytica, a data firm with ties to President Trump's campaign, reportedly accessed information… https://t.co/HLBbE15VgU",0.0,0.0,1.0,0.0
269,@CNN,2018-03-28 21:11:01+00:00,TESS the planet hunter is getting ready to launch next month. The Transiting Exoplanet Survey Satellite is NASA's n… https://t.co/IjwXc4IsiY,0.116,0.0,0.884,0.3612
270,@CNN,2018-03-28 21:02:45+00:00,"Sen. Kennedy on what he'd ask Zuckerberg: ""Is it a fair bargain for me to give up all my personal data to Facebook,… https://t.co/yxDzoJoacU",0.163,0.0,0.837,0.4767
271,@CNN,2018-03-28 20:48:51+00:00,"If you were running for President, would you have your deputy campaign manager speak to a former Russian intelligen… https://t.co/DjjDdZY1fC",0.0,0.0,1.0,0.0
272,@CNN,2018-03-28 20:35:03+00:00,"A generation ago, Republicans focused on reforming the nation's safety net by requiring poor mothers to work. Now,… https://t.co/vaMFi5ajZD",0.23,0.132,0.638,0.3182
273,@CNN,2018-03-28 20:31:05+00:00,"13,000-year-old footprints were found off the Canadian coast https://t.co/Yq3Ijx9hnL https://t.co/vonY3PKKWB",0.0,0.0,1.0,0.0
274,@CNN,2018-03-28 20:26:19+00:00,"Vice President Mike Pence's hometown of Columbus, Indiana, plans to hold its first LGBT Pride Festival next month… https://t.co/EML8EDzuby",0.248,0.0,0.752,0.6808
275,@CNN,2018-03-28 20:18:28+00:00,"RT @TheLeadCNN: President Trump in December, 2017: “I don’t want to talk about pardons of Michael Flynn yet, we’ll see what happens, let’s…",0.143,0.0,0.857,0.3612
276,@CNN,2018-03-28 20:13:55+00:00,"A lawsuit alleging that gifts from foreign governments to President Trump may be illegal can go forward, a federal… https://t.co/yA2asY7QE0",0.0,0.256,0.744,-0.6705
277,@CNN,2018-03-28 20:06:30+00:00,"People may have snickered at President Trump's call for a US ""space force,"" but ""the laughter masks the fact that t… https://t.co/5SF9c5JyI1",0.177,0.0,0.823,0.6486
278,@CNN,2018-03-28 20:05:27+00:00,"RT @CNNMoney: Nasdaq drops nearly 1% on tech slump. Dow inches lower, giving up early gains. Tesla tumbles 8%, Amazon loses 4%. https://t.c…",0.224,0.155,0.621,0.25
279,@CNN,2018-03-28 20:02:52+00:00,A majority of Democratic voters in New York City believe Gov. Andrew Cuomo would be better for the city than his pr… https://t.co/8T7hHOJQ9t,0.121,0.0,0.879,0.4404
280,@CNN,2018-03-28 19:59:54+00:00,"RT @CNNnewsroom: ""President Trump is not the same as the Donald Trump from 12 years ago, and so we can't try to make a comparison between t…",0.0,0.0,1.0,0.0
281,@CNN,2018-03-28 19:56:39+00:00,A federal judge approved $75 million worth of loans to Remington so the company can keep making guns as it works th… https://t.co/XXNzhHcujS,0.19,0.0,0.81,0.5719
282,@CNN,2018-03-28 19:50:43+00:00,Most world leaders visiting other countries make a grand entrance by stepping off a large jet. North Korean leader… https://t.co/ChgciHqyBu,0.15,0.0,0.85,0.4588
283,@CNN,2018-03-28 19:37:33+00:00,Why Trump country is worried about Trump's tariffs https://t.co/mJZHMYxLYj https://t.co/JYL14Rea3j,0.0,0.196,0.804,-0.296
284,@CNN,2018-03-28 19:26:34+00:00,"13,000-year-old footprints were found off the coast of a Canadian island, giving researchers insight into life duri… https://t.co/bJEFqwFXAk",0.13,0.0,0.87,0.34
285,@CNN,2018-03-28 19:11:16+00:00,"President Trump's lawyer John Dowd floated the idea of presidential pardons for Paul Manafort and Michael Flynn, Th… https://t.co/KByVdSCtVj",0.109,0.0,0.891,0.296
286,@CNN,2018-03-28 19:05:40+00:00,"RT @CNNnewsroom: Perhaps President Trump is secretly thinking, 'I want [Michael Avenatti] as my lawyer'"" - constitutional attorney Page Pat…",0.067,0.0,0.933,0.0772
287,@CNN,2018-03-28 19:01:48+00:00,Ireland will hold a referendum on May 25 on whether abortion should be legalized https://t.co/mrdrnzvUu8,0.0,0.0,1.0,0.0
288,@CNN,2018-03-28 18:57:56+00:00,"RT @CNNPolitics: Sarah Sanders says specific instances of the police using deadly force are a ""local matter"" but that they want to make sur…",0.106,0.0,0.894,0.128
289,@CNN,2018-03-28 18:54:59+00:00,White House press secretary Sarah Sanders: “We've put out a number of solutions to fix the DACA problem. Democrats… https://t.co/O7nnEV5sJO,0.138,0.124,0.737,-0.1779
290,@CNN,2018-03-28 18:53:35+00:00,RT @CNNPolitics: White House press secretary Sarah Sanders deflects a question about a New York Times report that Trump’s lawyer John Dowd…,0.0,0.0,1.0,0.0
291,@CNN,2018-03-28 18:49:05+00:00,Asked about the President's reaction after Louisiana's decision not to charge the officers who fatally shot Alton S… https://t.co/QQTKf6os8i,0.0,0.189,0.811,-0.6369
292,@CNN,2018-03-28 18:47:53+00:00,"China's military put on a show of force in the South China Sea, new satellite images show, with drills at sea and i… https://t.co/N85diPGDYY",0.0,0.0,1.0,0.0
293,@CNN,2018-03-28 18:34:24+00:00,President Trump says on Twitter that Chinese President Xi Jinping told him that his meeting with North Korean dicta… https://t.co/lZWjNbrGgO,0.0,0.0,1.0,0.0
294,@CNN,2018-03-28 18:21:08+00:00,The Academy of Motion Picture Arts and Sciences has cleared its president of an allegation of sexual harassment… https://t.co/3XKpRdI5lG,0.072,0.0,0.928,0.1027
295,@CNN,2018-03-28 18:17:46+00:00,"Sarah Sanders holds the White House press briefing. Watch CNN: https://t.co/UYpqI3w42L

Follow live updates:… https://t.co/vBDGbXTzAz",0.0,0.0,1.0,0.0
296,@CNN,2018-03-28 18:08:02+00:00,A lawsuit that accuses President Trump of taking illegal gifts from foreign governments through his family's busine… https://t.co/SXASep2Xru,0.0,0.361,0.639,-0.7845
297,@CNN,2018-03-28 17:57:38+00:00,The first case of super-resistant gonorrhea has been reported in the UK https://t.co/GOja5c0gMM https://t.co/UUx3RLYVid,0.0,0.0,1.0,0.0
298,@CNN,2018-03-28 17:43:37+00:00,A Democratic candidate challenging Rep. Devin Nunes in California took in more than $1 million in the first quarter… https://t.co/LjKe92qgbw,0.082,0.0,0.918,0.1531
299,@CNN,2018-03-28 17:29:31+00:00,"Donations to the NRA tripled in the weeks after the February 14 school shooting in Parkland, Florida https://t.co/UjFiYo7Goz",0.0,0.0,1.0,0.0
300,@FoxNews,2018-03-29 04:15:00+00:00,Six children feared dead after SUV plunged off California cliff; 2 women killed https://t.co/EyNlbeYpVN,0.0,0.545,0.455,-0.9186
301,@FoxNews,2018-03-29 04:10:00+00:00,.@michellemalkin on 2020 census to include citizenship question https://t.co/VkfSanaVEp,0.0,0.0,1.0,0.0
302,@FoxNews,2018-03-29 04:05:00+00:00,Outrage grows over police killing of Stephon Clark in Sacramento: '20 shots over a cellphone' https://t.co/nFAOz30fIZ,0.0,0.372,0.628,-0.8271
303,@FoxNews,2018-03-29 04:01:48+00:00,.@SteveHiltonx: “These tech companies have just [gotten] too big and too powerful…We actually need to really toughe… https://t.co/PFgN9Jx1tZ,0.0,0.0,1.0,0.0
304,@FoxNews,2018-03-29 04:01:00+00:00,".@TomiLahren: ""You’d be surprised...just how many conservatives and Americans live in California that want the laws… https://t.co/dCqDnKHrJj",0.075,0.0,0.925,0.0772
305,@FoxNews,2018-03-29 03:48:10+00:00,Oklahoma man captures 6-foot rattlesnake before suffering heart attack 20 minutes later https://t.co/Sd20aL177B,0.0,0.36,0.64,-0.7351
306,@FoxNews,2018-03-29 03:36:02+00:00,.@DonaldJTrumpJr tweets his support for 'Roseanne' while skewering late night hosts https://t.co/vxAm33yedR,0.197,0.0,0.803,0.4019
307,@FoxNews,2018-03-29 03:21:49+00:00,.@LindseyGrahamSC: “The North Korean nuclear program destabilizes the entire world.” @foxnewsnight https://t.co/FH2bABC7K3,0.0,0.0,1.0,0.0
308,@FoxNews,2018-03-29 03:03:54+00:00,"On Wednesday, President @realdonaldtrump announced in a tweet that, despite former Supreme Court Justice John Paul… https://t.co/D2IHMPer1m",0.167,0.144,0.689,0.122
309,@FoxNews,2018-03-29 02:55:22+00:00,.@RepGoodlatte: 'Material' Redactions Made In Peter Strzok-Lisa Page Texts @IngrahamAngle https://t.co/NhffORqImP,0.0,0.0,1.0,0.0
310,@FoxNews,2018-03-29 02:50:31+00:00,.@offspring drummer turned OB/GYN saves prospective juror in own malpractice trial https://t.co/GbSRKSszrt,0.0,0.0,1.0,0.0
311,@FoxNews,2018-03-29 02:45:12+00:00,US judge denies Saudi Arabia's bid to dismiss 9/11 lawsuits https://t.co/spt36JVX8M,0.0,0.328,0.672,-0.5267
312,@FoxNews,2018-03-29 02:43:17+00:00,"School bus driver suspended after leaving first-grader on bus for eight hours, report says https://t.co/oiqJww2qlc",0.0,0.181,0.819,-0.4767
313,@FoxNews,2018-03-29 02:40:19+00:00,".@ByronYork on alleged FISA abuse: ""What gives a lot of Republicans problems is a lot of them thought Republican pr… https://t.co/8k7B5Ibr21",0.0,0.289,0.711,-0.7845
314,@FoxNews,2018-03-29 02:36:56+00:00,".@RepGoodlatte on alleged FISA abuse: ""The IG can't look at it from the same perspective that Congress can or from… https://t.co/4uMmyelc6D",0.0,0.174,0.826,-0.6369
315,@FoxNews,2018-03-29 02:35:36+00:00,Grandma's ear bitten off by pit bull while protecting kids at New York playground: reports https://t.co/Fm2IRRUjjY,0.0,0.0,1.0,0.0
316,@FoxNews,2018-03-29 02:21:04+00:00,.@TempePolice have mounted AR-15 assault rifles on the back of eight motorcycles to equip officers with something m… https://t.co/z62UgoozP6,0.0,0.174,0.826,-0.5859
317,@FoxNews,2018-03-29 02:15:28+00:00,"Joe Alioto-Veronese on sanctuary cities: ""What the feds are saying is that we are interfering by telling our citize… https://t.co/BZQj1ynui4",0.0,0.0,1.0,0.0
318,@FoxNews,2018-03-29 02:08:15+00:00,.@dunkindonuts launches its first-ever running shoe https://t.co/oK0E1oZ4ye,0.0,0.0,1.0,0.0
319,@FoxNews,2018-03-29 02:05:42+00:00,.@seanhannity Reveals New Peter Strzok-Lisa Page Texts #Hannity  https://t.co/mP7oHskKPL,0.0,0.0,1.0,0.0
320,@FoxNews,2018-03-29 02:02:55+00:00,"'My Questions Are Totally Sincere': @TuckerCarlson, Former Clinton Spox Battle Over Dem Platform https://t.co/PfR6X7aPZd",0.0,0.167,0.833,-0.3818
321,@FoxNews,2018-03-29 01:56:02+00:00,Ex-Disney Channel star Caroline Sunshine joins Trump's White House press team https://t.co/5MY4QUThYj,0.225,0.0,0.775,0.4939
322,@FoxNews,2018-03-29 01:42:51+00:00,.@DevinNunes: “The Left has continued to say that ‘This is Watergate’ and ‘#Trump’s going to be impeached.’ They’ve… https://t.co/FZMoKq72Qo,0.0,0.0,1.0,0.0
323,@FoxNews,2018-03-29 01:36:25+00:00,"On Wednesday, @LindseyGrahamSC tweeted his support for President @realDonaldTrump's decision to replace Secretary o… https://t.co/3SCiGt1apm",0.162,0.0,0.838,0.4019
324,@FoxNews,2018-03-29 01:32:41+00:00,‘Aggressive’ passenger may have to pay plane’s fuel bill after causing emergency landing https://t.co/iUd655KpRC,0.0,0.25,0.75,-0.4588
325,@FoxNews,2018-03-29 01:24:18+00:00,"Florida woman fails to put car into park, car rolls into pool with husband and child inside, cops say https://t.co/CjqcQHkfG4",0.0,0.128,0.872,-0.4215
326,@FoxNews,2018-03-29 01:11:09+00:00,.@CRTV host and Army veteran @GrahamAllen_1 said Wednesday that the rights and freedoms American citizens have are… https://t.co/62KkdMYYkA,0.115,0.0,0.885,0.296
327,@FoxNews,2018-03-29 01:10:32+00:00,"OPINION: If the Second Amendment falls, our entire Bill of Rights falls https://t.co/B8dGrk2ZYu",0.0,0.0,1.0,0.0
328,@FoxNews,2018-03-29 00:58:43+00:00,".@jmpalmieri on Dem views: ""Congress is broken, it does not react to what the people want. The people want immigrat… https://t.co/dVWmVHfYrY",0.11,0.131,0.759,-0.3612
329,@FoxNews,2018-03-29 00:54:24+00:00,Mother of Hostage Killed By ISIS: 'There Was No One Whose Job It Was to Help Us' https://t.co/m6sQVkLIsD,0.111,0.275,0.615,-0.6124
330,@FoxNews,2018-03-29 00:48:29+00:00,.@TuckerCarlson Debates CA Immigration Law: 'Is There Anything You Won't Make an Excuse For?' #Tucker https://t.co/KVqJZjZJiC,0.0,0.075,0.925,-0.0572
331,@FoxNews,2018-03-29 00:45:17+00:00,".@lizpeek: Census 2020 – Liberals, get over it, we must ask about citizenship! https://t.co/SLwgSHWJHB",0.0,0.0,1.0,0.0
332,@FoxNews,2018-03-29 00:40:41+00:00,".@dbongino on the Second Amendment: ""Liberalism is easy to understand, it's everywhere...To actually understand con… https://t.co/2kGec95E96",0.162,0.0,0.838,0.4404
333,@FoxNews,2018-03-29 00:38:00+00:00,Kansas City Royals' Salvador Perez sprains knee ligament carrying luggage https://t.co/75uYNzgZRh,0.0,0.0,1.0,0.0
334,@FoxNews,2018-03-29 00:25:05+00:00,"OPINION: If the Second Amendment falls, our entire Bill of Rights falls  https://t.co/CGvSxjwWJe",0.0,0.0,1.0,0.0
335,@FoxNews,2018-03-29 00:19:15+00:00,Outrage grows over police killing of Stephon Clark in Sacramento: '20 shots over a cellphone' https://t.co/hEE53tqepb,0.0,0.372,0.628,-0.8271
336,@FoxNews,2018-03-29 00:12:59+00:00,"Jonathan Turley on alleged FISA abuse: ""People have a really low expectation of their government now and that's a r… https://t.co/IK1yLPukE3",0.0,0.279,0.721,-0.7645
337,@FoxNews,2018-03-29 00:09:20+00:00,"Jonathan Turley on alleged FISA abuse: ""It's a dangerous combination to have a secret court that is based on a stan… https://t.co/woHLq1mtrn",0.0,0.3,0.7,-0.8074
338,@FoxNews,2018-03-29 00:06:22+00:00,"BREAKING: Six children feared dead after SUV plunged off cliff in California; 2 women killed, investigators say https://t.co/eFCbVVTPr0",0.0,0.462,0.538,-0.9186
339,@FoxNews,2018-03-28 23:57:54+00:00,#Trump shares photos of border wall construction on Twitter https://t.co/mfphYgzp2Z,0.196,0.0,0.804,0.296
340,@FoxNews,2018-03-28 23:42:34+00:00,"China reminded Kim Jong Un who's boss during mysterious Beijing meeting, experts say https://t.co/JCbEJzedWH",0.0,0.0,1.0,0.0
341,@FoxNews,2018-03-28 23:29:54+00:00,.@gen_jackkeane: “@POTUS’ administration has confronted Russia more than his predecessors have.” #TheStory https://t.co/ZR9hTcXef3,0.0,0.13,0.87,-0.2023
342,@FoxNews,2018-03-28 23:25:22+00:00,".@LibertyU shows off its new multimillion-dollar gun range. Liberty, which already allows students to have guns in… https://t.co/FoSrzLgrgp",0.156,0.11,0.734,0.25
343,@FoxNews,2018-03-28 23:22:08+00:00,Al Qaeda leader killed by drone strike in Libya identified by Pentagon https://t.co/LGrWmbwVP3,0.0,0.353,0.647,-0.7184
344,@FoxNews,2018-03-28 23:15:41+00:00,".@CharlesHurt: “Without a doubt, I don’t think anybody can question [Rear Adm. Ronny Jackson’s] qualifications, and… https://t.co/eH1Ns3Shv7",0.0,0.152,0.848,-0.3612
345,@FoxNews,2018-03-28 23:06:05+00:00,"Charles Lane on @POTUS replacing Shulkin as VA secretary: ""It's a strange irony that these are the people that our… https://t.co/oj2CIlxQZG",0.0,0.143,0.857,-0.25
346,@FoxNews,2018-03-28 22:51:12+00:00,".@ByronYork on replacing Shulkin as VA secretary: ""It simply didn't work out and [helping veterans] really was one… https://t.co/gZfruPSh9N",0.0,0.0,1.0,0.0
347,@FoxNews,2018-03-28 22:44:16+00:00,"Former Trump administration officials, from Comey to Shulkin https://t.co/qU3TvgVoW4 https://t.co/70SSvYShgs",0.0,0.0,1.0,0.0
348,@FoxNews,2018-03-28 22:34:10+00:00,"On ""Your World"" with @TeamCavuto, Joe Piscopo discussed the #Roseanne reboot and the main character,… https://t.co/x5TPpZ6kWh",0.0,0.0,1.0,0.0
349,@FoxNews,2018-03-28 22:26:08+00:00,"NASDAQ closes lower as @amazon, @tesla shares fall. @DeirdreBolton has the story. #SpecialReport… https://t.co/HUYxodz5ue",0.134,0.134,0.732,0.0
350,@FoxNews,2018-03-28 22:21:43+00:00,"Documents suggest possible coordination between CIA, FBI, Obama WH and Dem officials early in Trump-Russia probe: i… https://t.co/gwVHgDWYSe",0.0,0.0,1.0,0.0
351,@FoxNews,2018-03-28 22:14:42+00:00,.@DonaldJTrumpJr tweets his support for 'Roseanne' while skewering late night hosts https://t.co/nlwFyAYm46,0.197,0.0,0.803,0.4019
352,@FoxNews,2018-03-28 22:10:07+00:00,.@POTUS to replace David Shulkin with Adm. Ronny Jackson as Veterans Affairs secretary in latest White House shuffl… https://t.co/SsyE24xZwa,0.0,0.0,1.0,0.0
353,@FoxNews,2018-03-28 22:08:13+00:00,WARRIORS HELPING WARRIORS: @paws4prplhearts is bringing veterans and dogs together to not only get the dogs trained… https://t.co/ExsSRY1g4t,0.147,0.0,0.853,0.4466
354,@FoxNews,2018-03-28 22:00:35+00:00,Who is David Shulkin? 3 things to know about Trump's former secretary of Veterans Affairs https://t.co/a2A06xE4Xf,0.0,0.0,1.0,0.0
355,@FoxNews,2018-03-28 21:56:32+00:00,.@kimguilfoyle: “I think this is an example of @POTUS…winning.” #TheFive https://t.co/UkisT39CJh,0.0,0.0,1.0,0.0
356,@FoxNews,2018-03-28 21:48:40+00:00,.@greggutfeld: 'Roseanne' Reboot Replaced 'Demonization with Dialogue' https://t.co/IZiHF0NsFI,0.0,0.0,1.0,0.0
357,@FoxNews,2018-03-28 21:41:27+00:00,BREAKING: #Trump to replace David Shulkin with Adm. Ronny Jackson as Veterans Affairs secretary… https://t.co/Zpv9UbPnB1,0.0,0.0,1.0,0.0
358,@FoxNews,2018-03-28 21:27:07+00:00,"Surgeons amazed after removing over 2,000 gallstones from woman https://t.co/YEuOWzC7N5",0.262,0.0,0.738,0.4939
359,@FoxNews,2018-03-28 21:12:19+00:00,Judge rules suit against #Trump over foreign gifts can move forward https://t.co/kqi3Awd4i7,0.0,0.0,1.0,0.0
360,@FoxNews,2018-03-28 21:03:39+00:00,Combat Vet on Calls for 2nd Amendment Repeal: 'Our Rights and Freedoms Are Not Up for Debate' https://t.co/MwTbOAnoVt,0.107,0.117,0.777,-0.0516
361,@FoxNews,2018-03-28 20:56:39+00:00,Arizona police department mounts AR-15 rifles on backs of some motorcycles https://t.co/a2fWHRGqio,0.0,0.098,0.902,-0.0516
362,@FoxNews,2018-03-28 20:53:33+00:00,"Orange County, CA Supervisor Called a 'Racist B----' Amid Sanctuary Controversy https://t.co/DuYJZxGpQR",0.0,0.286,0.714,-0.6124
363,@FoxNews,2018-03-28 20:44:41+00:00,.@POTUS secures trade deal with South Korea ahead of potential meeting with North Korea. @TeamCavuto https://t.co/vnBI3EkS6F,0.133,0.0,0.867,0.3182
364,@FoxNews,2018-03-28 20:35:08+00:00,TUNE IN to the latest #HemmerTime podcast with @BillHemmer and @CardinalDolan on the sanctity of silence.… https://t.co/UiBHKAFFli,0.0,0.0,1.0,0.0
365,@FoxNews,2018-03-28 20:25:04+00:00,".@WhiteHouse: No pardons under consideration for Manafort, Flynn https://t.co/qJj0aB6rST",0.193,0.193,0.614,0.0
366,@FoxNews,2018-03-28 20:19:22+00:00,"'ACLU effect' is to blame for Chicago's sharp rise in crime, study says https://t.co/MFbLymBU9l",0.0,0.33,0.67,-0.7096
367,@FoxNews,2018-03-28 20:14:45+00:00,"Driver leaves 1 dead, others in life-threatening condition in San Francisco hit-and-run https://t.co/OJtSdht8Ut",0.0,0.281,0.719,-0.6486
368,@FoxNews,2018-03-28 20:14:44+00:00,Donations Pour in for Rifle Team After School District Rejects NRA's 'Dirty Money' https://t.co/mVV8pTl1BA,0.0,0.337,0.663,-0.7269
369,@FoxNews,2018-03-28 20:08:00+00:00,"Florida woman fails to put car into park, car rolls into pool with husband and child inside, cops say https://t.co/jXKlozKkTP",0.0,0.128,0.872,-0.4215
370,@FoxNews,2018-03-28 20:00:03+00:00,Al Qaeda leader killed by drone strike in Libya identified by Pentagon https://t.co/PNQIv22Spy,0.0,0.353,0.647,-0.7184
371,@FoxNews,2018-03-28 19:50:00+00:00,https://t.co/Sd20aLiHZ9,0.0,0.0,1.0,0.0
372,@FoxNews,2018-03-28 19:41:41+00:00,Largest Christian university opens 'sophisticated' gun range for students https://t.co/vJShCwR0dP,0.0,0.211,0.789,-0.34
373,@FoxNews,2018-03-28 19:27:55+00:00,"DOJ Inspector General investigates alleged FISA abuses by DOJ, FBI - via @brookefoxnews

https://t.co/I6X1UxpkK7",0.0,0.231,0.769,-0.5574
374,@FoxNews,2018-03-28 19:18:38+00:00,Driver hits 5 people in San Francisco; 4 in life-threatening condition https://t.co/r8LQDk8aYm,0.0,0.0,1.0,0.0
375,@FoxNews,2018-03-28 19:13:59+00:00,Donations Pour in for Rifle Team After School District Rejects NRA's 'Dirty Money' https://t.co/rf9gi0WpSh,0.0,0.337,0.663,-0.7269
376,@FoxNews,2018-03-28 19:08:48+00:00,"Menendez kicks off re-election bid, slams Trump on immigration https://t.co/rfEeEigw7V",0.0,0.0,1.0,0.0
377,@FoxNews,2018-03-28 19:04:23+00:00,"Scott Gottlieb on opioid crisis: ""If you go back 15 years ago, we didn't recognize how addictive these products cou… https://t.co/VUoz7OWouJ",0.0,0.17,0.83,-0.6249
378,@FoxNews,2018-03-28 18:58:55+00:00,.@marcthiessen: @realDonaldTrump Must Look Kim 'In the Eye' and Show He's Different From His Predecessors https://t.co/4AGOzpqn6A,0.0,0.0,1.0,0.0
379,@FoxNews,2018-03-28 18:57:49+00:00,"Adm. Robert Natter on denuclearizing NoKo: ""The reality is that both sides have to sit down and we need to get clea… https://t.co/3Yy4WJPqly",0.0,0.0,1.0,0.0
380,@FoxNews,2018-03-28 18:55:02+00:00,"Adm. Robert Natter on denuclearizing NoKo: ""We've got long-standing relationships with nations like Japan...we have… https://t.co/4Q5FMGcRq8",0.143,0.0,0.857,0.3612
381,@FoxNews,2018-03-28 18:50:58+00:00,".@jmpalmieri on 2016 election: ""We ran [@HillaryClinton] as the female facsimile of the qualities we look for in a… https://t.co/XY0nSpFZeR",0.0,0.0,1.0,0.0
382,@FoxNews,2018-03-28 18:42:18+00:00,.@PressSec on the 2020 census citizenship question: “The goal is to have data that we can use for specific things.” https://t.co/bETu1MlNOF,0.0,0.0,1.0,0.0
383,@FoxNews,2018-03-28 18:38:47+00:00,".@PressSec on North Korea: “We’re going to be cautiously optimistic, but we feel like things are moving in the righ… https://t.co/VGEmz7BLOg",0.205,0.0,0.795,0.5994
384,@FoxNews,2018-03-28 18:34:14+00:00,.@PressSec: “Certainly we want to make sure that all law enforcement is carrying out the letter of the law.” https://t.co/Xfz1l0JFxB,0.167,0.0,0.833,0.3818
385,@FoxNews,2018-03-28 18:21:23+00:00,".@PressSec: “Following on the success of tax reform, infrastructure is the next piece of the president’s successful… https://t.co/MsC6NjCAnT",0.179,0.0,0.821,0.5719
386,@FoxNews,2018-03-28 18:18:24+00:00,".@PressSec: “According to market watch, hiring is strong, unemployment is low, and recent tax cuts are putting more… https://t.co/mAUmwgxFNW",0.129,0.282,0.588,-0.4404
387,@FoxNews,2018-03-28 18:11:49+00:00,WATCH: @PressSec Sarah Sanders holds @WhiteHouse briefing. https://t.co/gIkWDO6mtg,0.0,0.0,1.0,0.0
388,@FoxNews,2018-03-28 17:57:33+00:00,Cherry Tree buds are silhouetted against the morning sky near the Washington Monument. https://t.co/7DSTvTAwI7,0.0,0.0,1.0,0.0
389,@FoxNews,2018-03-28 17:45:30+00:00,Amazon discovery: 'Uninhabited' areas were once home to a million people https://t.co/eJuHVIgsmm,0.145,0.0,0.855,0.1779
390,@FoxNews,2018-03-28 17:35:20+00:00,Awaiting @WhiteHouse briefing https://t.co/21PSZF6K58,0.0,0.0,1.0,0.0
391,@FoxNews,2018-03-28 17:29:13+00:00,'Your State Is a Sanctuary Disaster': Ingraham Battles CA Dem Over Census Backlash https://t.co/OHFDYobx1S,0.0,0.178,0.822,-0.3818
392,@FoxNews,2018-03-28 17:13:33+00:00,"Warning, graphic content: Utah trooper knocked into the air by out-of-control car https://t.co/2qaytnyQtr https://t.co/EPu1yo3TJH",0.0,0.156,0.844,-0.34
393,@FoxNews,2018-03-28 17:05:15+00:00,"OPINION: Liz Peek: Census 2020 – Liberals, get over it, we must ask about citizenship! https://t.co/nxlRNKOkm7",0.0,0.0,1.0,0.0
394,@FoxNews,2018-03-28 16:53:32+00:00,Where does Trump stand on gun control? A look at the president's views https://t.co/uLRWPrmMM6,0.0,0.167,0.833,-0.34
395,@FoxNews,2018-03-28 16:40:00+00:00,'Deadly' scorpion sighting on English street turns out to be child's toy (via @travfed) https://t.co/CUS1soWaVV,0.0,0.0,1.0,0.0
396,@FoxNews,2018-03-28 16:39:13+00:00,.@adrienneelrod on @POTUS: “I think it's important that there is dialogue here...He cannot conduct diplomacy via Tw… https://t.co/XtPWeTkqxD,0.096,0.0,0.904,0.2023
397,@FoxNews,2018-03-28 16:31:19+00:00,.@TomiLahren: You’d be surprised...just how many conservatives and Americans live in California that want the laws… https://t.co/8Z1o9pxhnQ,0.075,0.0,0.925,0.0772
398,@FoxNews,2018-03-28 16:25:24+00:00,RT @FoxBusiness: 4 tips on protecting your online footprint https://t.co/49DQiUufxF,0.0,0.0,1.0,0.0
399,@FoxNews,2018-03-28 16:19:00+00:00,We want Zuckerberg: UK lawmakers urge embattled Facebook CEO to appear before them https://t.co/zbaLR1L8qr,0.091,0.0,0.909,0.0772
400,@nytimes,2018-03-29 04:08:47+00:00,"Anbang Was Seized by China. Now, It Has a Deal for You. https://t.co/3ZEHUjWgat",0.0,0.0,1.0,0.0
401,@nytimes,2018-03-29 04:02:02+00:00,RT @maggieNYT: Trump called a supporter with a large megaphone - @therealroseanne - to thank her and congratulate her after the Roseanne re…,0.328,0.0,0.672,0.7783
402,@nytimes,2018-03-29 03:54:55+00:00,"Mireille Knoll, Murdered Holocaust Survivor, Is Honored in Paris https://t.co/CK02eLDlje",0.356,0.249,0.395,0.2263
403,@nytimes,2018-03-29 03:47:00+00:00,New police finding in Skripal poisoning case narrows the possibilities for how the victims were sickened https://t.co/8jQNusfhdi,0.0,0.407,0.593,-0.8625
404,@nytimes,2018-03-29 03:32:03+00:00,A top Morgan Stanley broker was repeatedly accused of violence against ex-wives and girlfriends. Bank managers were… https://t.co/n5WfJMF3sA,0.081,0.285,0.633,-0.6705
405,@nytimes,2018-03-29 03:17:06+00:00,Drones and computer vision have confirmed centuries-old Inuit wisdom that a few caribou lead a migration over treac… https://t.co/DrVR3VdZiY,0.265,0.0,0.735,0.6597
406,@nytimes,2018-03-29 03:02:01+00:00,Walmart customers looking to toss the latest issue of Cosmopolitan magazine into their shopping carts will have to… https://t.co/oLMjDPeoTR,0.0,0.0,1.0,0.0
407,@nytimes,2018-03-29 02:47:01+00:00,The Second Avenue subway in NYC cost $2.5 billion per mile of track — 5 times more than the international average.… https://t.co/0u9sMZy5Bd,0.0,0.0,1.0,0.0
408,@nytimes,2018-03-29 02:32:03+00:00,"Water squirted from toy rubber ducks contains bacteria often associated with infections acquired in hospitals, a st… https://t.co/wmNoGpHnmo",0.0,0.0,1.0,0.0
409,@nytimes,2018-03-29 02:17:03+00:00,"RT @nytimesworld: In a first, a South African woman was sent to prison for racist speech -- specifically, a slur that is offensive in her c…",0.0,0.34,0.66,-0.8834
410,@nytimes,2018-03-29 02:06:06+00:00,"The reboot of ""Roseanne"" got off to an enormously strong start on Tuesday night https://t.co/AW9oKd48KP",0.204,0.0,0.796,0.5563
411,@nytimes,2018-03-29 01:55:04+00:00,"Ecuador cuts off Julian Assange’s internet access. Again.
https://t.co/5rRq2DTGdx",0.0,0.216,0.784,-0.296
412,@nytimes,2018-03-29 01:44:02+00:00,"The Justice Dept.'s watchdog will investigate the surveillance of a former Trump campaign official, responding to p… https://t.co/UQfGlfh03r",0.175,0.0,0.825,0.5267
413,@nytimes,2018-03-29 01:32:06+00:00,"Days after researchers announced that a tiny mummy once rumored to be an alien was actually a human infant, Chilean… https://t.co/pn29RpMNdu",0.0,0.0,1.0,0.0
414,@nytimes,2018-03-29 01:16:21+00:00,Evening Briefing: Here's what you need to know at the end of the day https://t.co/9ykDo2yYvp,0.0,0.0,1.0,0.0
415,@nytimes,2018-03-29 01:00:09+00:00,"RT @jdelreal: Two police officers, 10 minutes, 20 bullets. Another young black man dead, this time in his grandmother’s backyard in Califor…",0.0,0.17,0.83,-0.6486
416,@nytimes,2018-03-29 00:47:03+00:00,RT @nytopinion: .@RickyGervais is not alone in presenting himself as a noble bulwark against a wave of supposed left-wing censorship. And a…,0.208,0.0,0.792,0.5775
417,@nytimes,2018-03-29 00:32:06+00:00,"Dr. Cacioppo once explained, by an insight he had after surviving a near-fatal car crash: that love and social conn… https://t.co/FHUVIeyJop",0.245,0.103,0.651,0.5719
418,@nytimes,2018-03-29 00:17:02+00:00,All the major firings and resignations in the Trump administration — so far https://t.co/SBd0eoufFP,0.0,0.155,0.845,-0.296
419,@nytimes,2018-03-29 00:02:07+00:00,"Under Ben Carson, HUD is attempting to scale back federal efforts to enforce fair housing laws, sidelining official… https://t.co/DJQGb8AfBo",0.113,0.0,0.887,0.3182
420,@nytimes,2018-03-28 23:47:02+00:00,The “catastrophic” failure of a storage tank this month at an Ohio fertility clinic caused the apparent loss of mor… https://t.co/52b9GDuT1Z,0.0,0.237,0.763,-0.6808
421,@nytimes,2018-03-28 23:32:04+00:00,"Thousands gathered in Paris to honor Mireille Knoll, an 85-year-old grandmother and Holocaust survivor who was murd… https://t.co/l1fwvli1BF",0.263,0.0,0.737,0.6908
422,@nytimes,2018-03-28 23:17:01+00:00,"RT @nytgraphics: David Shulkin lasted 408 days in the Trump administration, longer than many. https://t.co/yOiUwbJLp9 https://t.co/xL83LH8d…",0.0,0.0,1.0,0.0
423,@nytimes,2018-03-28 23:02:06+00:00,"The ghost with the most is back. A musical adaptation of ""Beetlejuice"" will be staged in Washington this fall, and… https://t.co/v1Ra0OOWem",0.0,0.108,0.892,-0.3182
424,@nytimes,2018-03-28 22:47:03+00:00,Evening Briefing: Here's what you need to know at the end of the day https://t.co/DoqQNdaj9f,0.0,0.0,1.0,0.0
425,@nytimes,2018-03-28 22:32:04+00:00,"Archaeologists believe the 13,000-year-old human footprints to be the earliest found so far in North America https://t.co/dF2hoORZH4",0.0,0.0,1.0,0.0
426,@nytimes,2018-03-28 22:17:04+00:00,"Until last week, Donald Glover was working on an FX animated series about the superhero Deadpool. By this week, the… https://t.co/IkkNwo5R1V",0.0,0.0,1.0,0.0
427,@nytimes,2018-03-28 22:08:01+00:00,RT @HannaIngber: Last week we turned to @nytimes readers to have a conversation about our coverage of the Austin bombings. We heard from re…,0.0,0.0,1.0,0.0
428,@nytimes,2018-03-28 22:01:00+00:00,"President Trump called his personal physician, Dr. Ronny L. Jackson, “highly respected” and thanked David Shulkin f… https://t.co/vJPtb8hDUx",0.146,0.0,0.854,0.4404
429,@nytimes,2018-03-28 21:48:58+00:00,Breaking News: The Veterans Affairs chief is the latest cabinet official to go. President Trump plans to replace Da… https://t.co/I3kd7Q64VU,0.0,0.0,1.0,0.0
430,@nytimes,2018-03-28 21:40:26+00:00,RT @peterbakernyt: Shulkin’s ouster climaxed a sharp fall from favor for the only Obama holdover in the Cabinet and a politically moderate…,0.124,0.0,0.876,0.4019
431,@nytimes,2018-03-28 21:32:03+00:00,What to expect from the housing market this spring https://t.co/FYAWjjlSiL,0.0,0.0,1.0,0.0
432,@nytimes,2018-03-28 21:16:06+00:00,RT @migold: Where Can You Find Cosmopolitan At Walmart? Hint: It’s Not at the Checkout Any More! https://t.co/GrTRvvwm6W,0.0,0.0,1.0,0.0
433,@nytimes,2018-03-28 21:00:09+00:00,"Hungary's far-right prime minister Viktor Orban uses billboards, TV campaigns and even school textbooks to influenc… https://t.co/SBikh8b4xN",0.0,0.0,1.0,0.0
434,@nytimes,2018-03-28 20:45:04+00:00,"Here’s how @bxchen scrubbed his Twitter and Facebook timelines — and what 
he learned https://t.co/7TCMIzIfeo",0.0,0.0,1.0,0.0
435,@nytimes,2018-03-28 20:30:15+00:00,Our tech columnist @kevinroose offers 3 possible ways to fix social media https://t.co/msbncv0nmO,0.0,0.0,1.0,0.0
436,@nytimes,2018-03-28 20:15:05+00:00,A top Morgan Stanley broker was repeatedly accused of violence against ex-wives and girlfriends. Bank managers were… https://t.co/HNAA5K823C,0.081,0.285,0.633,-0.6705
437,@nytimes,2018-03-28 20:00:06+00:00,"Shifting schedules have long been a complaint in the retail industry, and a Gap study suggests that they're a lose-… https://t.co/XtKUHxaLyP",0.0,0.115,0.885,-0.296
438,@nytimes,2018-03-28 19:45:10+00:00,"Your rubber duck spends a lot of time in the bath, but that doesn't mean it's clean https://t.co/5QtZDt3qhw",0.0,0.153,0.847,-0.438
439,@nytimes,2018-03-28 19:37:05+00:00,"RT @nytopinion: We at @NYTOpinion welcome feedback, including in form of dog GIFs. https://t.co/sY338V4RD7",0.188,0.0,0.812,0.4588
440,@nytimes,2018-03-28 19:30:10+00:00,"Steven Spielberg ""is the only person who could have made this movie and the last person who should have been allowe… https://t.co/xGUhUZJPgl",0.0,0.0,1.0,0.0
441,@nytimes,2018-03-28 19:15:03+00:00,"In @NYTOpinion 

Op-Ed Contributor Jacob Tobia writes, ""For over a decade, the unspoken rule of gay cinema and tele… https://t.co/CTOVOn7TcJ",0.0,0.0,1.0,0.0
442,@nytimes,2018-03-28 19:00:05+00:00,"The reboot of ""Roseanne"" got off to an enormously strong start on Tuesday night https://t.co/SiWzv2EpPP",0.204,0.0,0.796,0.5563
443,@nytimes,2018-03-28 18:45:09+00:00,"Heineken pulled a series of commercials for light beer that featured the tagline “sometimes, lighter is better"" aft… https://t.co/v5OcxoCrpi",0.146,0.0,0.854,0.4404
444,@nytimes,2018-03-28 18:30:12+00:00,"The Supreme Court has never struck down a voting district as an unconstitutional partisan gerrymander, and allowing… https://t.co/gcleYowCnq",0.263,0.0,0.737,0.6531
445,@nytimes,2018-03-28 18:15:08+00:00,A waiter in Canada has filed a complaint after he was fired for being aggressive and combative. His defense? He’s F… https://t.co/FxkAYLi1ub,0.06,0.297,0.643,-0.7096
446,@nytimes,2018-03-28 18:00:13+00:00,A federal judge refused to dismiss a lawsuit accusing President Trump of violating the Constitution by not divorcin… https://t.co/Ya0ww0X8GQ,0.0,0.417,0.583,-0.8074
447,@nytimes,2018-03-28 17:47:40+00:00,"President Trump’s lawyer discussed pardons for 2 ex-top aides last year, suggesting concern about what they might t… https://t.co/zGAAMa90pK",0.115,0.0,0.885,0.296
448,@nytimes,2018-03-28 17:45:09+00:00,"Trump’s lawyer discussed pardons for 2 ex-top aides last year, suggesting concern about what they might tell the sp… https://t.co/loVNcik2rm",0.109,0.0,0.891,0.296
449,@nytimes,2018-03-28 17:30:05+00:00,"Hundreds of people filled the lobby at Sacramento City Hall on Tuesday to protest the death of Stephon Clark, who w… https://t.co/aqr3CzDXpR",0.042,0.227,0.731,-0.7003
450,@nytimes,2018-03-28 17:20:12+00:00,"RT @PatriciaMazzei: In Orlando today for closing statements in the trial against Noor Salman, the widow of Pulse nightclub shooter Omar Mat…",0.0,0.0,1.0,0.0
451,@nytimes,2018-03-28 17:10:05+00:00,"In Room 306 at the Lorraine Motel, you can see the door onto the balcony. Looking through it you can see the spot w… https://t.co/6ZGo2cTzNB",0.0,0.0,1.0,0.0
452,@nytimes,2018-03-28 16:55:03+00:00,"Rick Gates, a top Trump campaign aide, had frequent phone calls in September and October 2016 with a person the FBI… https://t.co/ScUBbx09Xa",0.087,0.0,0.913,0.2023
453,@nytimes,2018-03-28 16:40:03+00:00,"Anti-Trump groups are working to unseat breakaway Democrats in Albany who have aligned with Republicans, helping th… https://t.co/ZSn9dqIAEx",0.115,0.0,0.885,0.296
454,@nytimes,2018-03-28 16:25:07+00:00,Kim Jong-un's surprise visit to Beijing was a reminder of how much he has set the agenda in the crisis over North K… https://t.co/mwcCpJKaen,0.077,0.151,0.772,-0.4588
455,@nytimes,2018-03-28 16:15:04+00:00,"RT @nytgraphics: What Democrats need to do to take control of Congress: 

1. Win 28 Senate races (Republicans only need to win 9 to keep th…",0.248,0.0,0.752,0.8225
456,@nytimes,2018-03-28 16:05:07+00:00,"Bright, bold and richly flavored, these aren't your typical fish cakes https://t.co/xZQDqFg0mk https://t.co/eowfvU22Ts",0.457,0.0,0.543,0.8126
457,@nytimes,2018-03-28 15:50:05+00:00,"Jared Kushner and Jeff Sessions are clashing over federal prison policy, confusing lawmakers and leaving prisoners… https://t.co/EEiWlO4VuI",0.0,0.257,0.743,-0.6369
458,@nytimes,2018-03-28 15:39:09+00:00,RT @NYTNational: Atlanta’s city government has been partially paralyzed for days by a cyberattack. Traffic tickets can't be paid online. Wi…,0.0,0.0,1.0,0.0
459,@nytimes,2018-03-28 15:25:05+00:00,Elements that make a podcast spark don’t always translate seamlessly to TV. But that's not stopping Hollywood from… https://t.co/D0wWi2XJQB,0.173,0.0,0.827,0.3278
460,@nytimes,2018-03-28 15:10:04+00:00,The highs and lows of testosterone https://t.co/KL5JNKPwDy,0.0,0.231,0.769,-0.2023
461,@nytimes,2018-03-28 15:00:03+00:00,RT @NYTFashion: Saudi Arabia will host its first ever fashion week next month (after a two week delay). Here's what to expect: https://t.co…,0.0,0.0,1.0,0.0
462,@nytimes,2018-03-28 14:45:05+00:00,Will taxpayers have to bail out the Pro Football Hall of Fame in Ohio? https://t.co/2BbZW0Mih5,0.172,0.0,0.828,0.4404
463,@nytimes,2018-03-28 14:30:12+00:00,Atlanta’s city government has been hobbled by a cyberattack and is doing some business with ink and paper. Security… https://t.co/JEbTiuZ7zw,0.0,0.0,1.0,0.0
464,@nytimes,2018-03-28 14:15:06+00:00,The officer was killed after he voluntarily exchanged himself for a female hostage during a terrorist attack in Fra… https://t.co/qyzVCzdROk,0.0,0.451,0.549,-0.9231
465,@nytimes,2018-03-28 14:00:12+00:00,How the Chinese and North Korean news media portrayed the meeting between Xi Jinping and Kim Jong-un https://t.co/GfQOFPqIf0,0.0,0.0,1.0,0.0
466,@nytimes,2018-03-28 13:45:07+00:00,"""I think it is completely reasonable to say that there could have been a different outcome of the referendum had th… https://t.co/8fhRZ13NjF",0.0,0.0,1.0,0.0
467,@nytimes,2018-03-28 13:30:07+00:00,"""It's like a beauty pageant. The fish cannot be fat. It must look strong and have personality."" https://t.co/QY2HdEdUQH",0.407,0.0,0.593,0.8625
468,@nytimes,2018-03-28 13:14:07+00:00,The Motion Picture Academy concluded that an allegation of sexual harassment against its president had no merit https://t.co/DhiZeF7tHZ,0.119,0.243,0.638,-0.4404
469,@nytimes,2018-03-28 13:00:17+00:00,Morning Briefing: Here's what you need to know to start your day https://t.co/yLdObb0e0R https://t.co/NbpPRQafVf,0.0,0.0,1.0,0.0
470,@nytimes,2018-03-28 12:44:03+00:00,RT @MattAndersonNYT: The Russian director Kirill Serebrennikov is still under house arrest in Moscow. A festival of his plays and films at…,0.203,0.094,0.703,0.4215
471,@nytimes,2018-03-28 12:30:03+00:00,The Academy of Motion Picture Arts and Sciences concluded that an allegation of sexual harassment against its presi… https://t.co/9h1ugEvuBz,0.0,0.163,0.837,-0.5423
472,@nytimes,2018-03-28 12:15:05+00:00,Facebook said it will roll out a centralized system for its users to control their privacy and security settings https://t.co/DxHZ5eNRDa,0.118,0.0,0.882,0.34
473,@nytimes,2018-03-28 12:05:06+00:00,"Trevor Noah is not impressed by John Bolton, President Trump's new pick for national security adviser. Our late-nig… https://t.co/pwzaU3scX5",0.109,0.116,0.774,-0.0397
474,@nytimes,2018-03-28 11:44:02+00:00,Atlanta's municipal government has been brought to its knees by one of the most sustained and consequential cyberat… https://t.co/DG6umSDQL5,0.0,0.0,1.0,0.0
475,@nytimes,2018-03-28 11:31:08+00:00,"The National Civil Rights Museum in Memphis is a monument to a movement, and to the Rev. Dr. Martin Luther King Jr. https://t.co/b9MJfvYXiF",0.0,0.0,1.0,0.0
476,@nytimes,2018-03-28 11:15:09+00:00,"President Trump said that the Second Amendment — the right to bear arms — ""will never be repealed,"" responding to a… https://t.co/iYAMbvHi9Z",0.0,0.0,1.0,0.0
477,@nytimes,2018-03-28 11:00:08+00:00,"John Bolton, President Trump's choice for national security adviser, was portrayed during a 2005 Senate confirmatio… https://t.co/Eq0eq04Pb9",0.138,0.0,0.862,0.34
478,@nytimes,2018-03-28 10:45:05+00:00,"Some voters said they had been paid, from about $3 to $9, to vote. In several areas, government officials promised… https://t.co/3l3sroqZll",0.0,0.0,1.0,0.0
479,@nytimes,2018-03-28 10:30:10+00:00,North Korea is firing up a reactor. Why that could upset Trump's talks with Kim. https://t.co/dIimnicgw7 https://t.co/F6kbTGtJDr,0.0,0.263,0.737,-0.6124
480,@nytimes,2018-03-28 10:15:04+00:00,"RT @LizziePaton: Is fast fashion going out of, well, fashion? H&amp;M, the world’s second largest retailer by sales, is currently sitting on a…",0.087,0.0,0.913,0.2732
481,@nytimes,2018-03-28 10:05:05+00:00,Morning Briefing: Here's what you need to know to start your day https://t.co/qSirjFsTQK https://t.co/Rtc5I5NHou,0.0,0.0,1.0,0.0
482,@nytimes,2018-03-28 09:44:06+00:00,"Kim Jong-un told Xi Jinping that he was open to dialogue with the United States, including a potential summit meeti… https://t.co/7mnXpfQdMX",0.128,0.0,0.872,0.4215
483,@nytimes,2018-03-28 09:29:02+00:00,"RT @nytimesworld: “I am thinking about the family of the butcher, about the customer who died for nothing, and about the colonel who sacrif…",0.0,0.135,0.865,-0.5574
484,@nytimes,2018-03-28 09:16:05+00:00,The United Nations' most haunting mystery received new life on Tuesday https://t.co/Cp0HnO48qu,0.184,0.158,0.658,0.1045
485,@nytimes,2018-03-28 09:00:22+00:00,"RT @nytimesworld: Egypt’s presidential election is shaping up to be a low-watt and joyless affair, the antithesis of the youthful passions…",0.097,0.147,0.756,-0.296
486,@nytimes,2018-03-28 08:44:04+00:00,"In an 8th-grade history textbook, students are told that Viktor Orban thinks refugees are a threat to Hungary. ""It… https://t.co/zGSK0PZDXF",0.0,0.159,0.841,-0.5267
487,@nytimes,2018-03-28 08:30:07+00:00,At least 12 states signaled that they would sue to block the Trump administration from adding a question about citi… https://t.co/zg2L5EURJP,0.0,0.132,0.868,-0.4404
488,@nytimes,2018-03-28 08:16:01+00:00,The connections between Cambridge Analytica and Peter Thiel's firm Palantir were thrust into the spotlight by Chris… https://t.co/X9OaPT2uvR,0.0,0.0,1.0,0.0
489,@nytimes,2018-03-28 08:02:04+00:00,"RT @nytpolitics: Kirstjen Nielsen, the homeland security secretary, recently warned dozens of foreign diplomats that the United States woul…",0.223,0.09,0.687,0.4767
490,@nytimes,2018-03-28 07:47:02+00:00,These almond cookies need just 4 ingredients https://t.co/5NNOTBW0n5,0.0,0.0,1.0,0.0
491,@nytimes,2018-03-28 07:32:04+00:00,“Spain is creating a situation where Europe’s judges rather than its politicians are being asked to solve Catalonia… https://t.co/k0HaUIVIYU,0.2,0.0,0.8,0.4588
492,@nytimes,2018-03-28 07:17:03+00:00,RT @nytimesworld: A German gynecologist who provided patients information about abortion has stoked a debate over the Nazi-era law that ban…,0.0,0.0,1.0,0.0
493,@nytimes,2018-03-28 06:49:17+00:00,"H&amp;M is a ""fast fashion"" giant. But it has a big problem: A $4.3 billion pile of unsold clothes. https://t.co/wCoI4udh7F",0.0,0.144,0.856,-0.4019
494,@nytimes,2018-03-28 06:32:05+00:00,RT @nytopinion: One man searches for the world’s last remaining quiet places. https://t.co/8YXjpMLIlw,0.0,0.0,1.0,0.0
495,@nytimes,2018-03-28 06:07:16+00:00,"A grocery war is raging across the United States. At stake is not only the price of toothpaste and bananas, but the… https://t.co/MUQx1tA2tX",0.074,0.182,0.744,-0.4118
496,@nytimes,2018-03-28 05:49:42+00:00,"It's pretty clear how birds, even dinosaurs, got their wings. But how insects got theirs has been a mystery -- unti… https://t.co/59FhXuhJgV",0.234,0.0,0.766,0.7003
497,@nytimes,2018-03-28 05:32:01+00:00,RT @NeilMacFarquhar: Articulate whistle-blower says data miners took “colonial” delight in secretly manipulating other countries via @NYTim…,0.182,0.117,0.701,0.34
498,@nytimes,2018-03-28 05:02:05+00:00,Uber said it is not renewing its permit to test self-driving vehicles in California because it wants to wait for th… https://t.co/8QlITPricx,0.0,0.0,1.0,0.0
499,@nytimes,2018-03-28 04:41:04+00:00,"A combination of weather phenomena whipped up and swept Saharan dust north, bringing a sepia tint to parts of easte… https://t.co/WL5g75ZvCd",0.0,0.0,1.0,0.0
